dataset,file,topology,inner,density_param,t_input,seed,size_multi,bbox_mm,n_tris,watertight,winding_ok,euler,VF,SAV_x_cell,rel_surface,interior_vert_frac,curv_gauss_mean_xL2,curv_gauss_iqr_xL2,curv_mean_mean_xL,curv_mean_iqr_xL,curv_gauss_p99_xL2,curv_mean_p99_xL,thickness_med_mm,thickness_std_mm,thickness_hits,thickness_over_cell,thickness_ratio,fabric_l1,fabric_l2,fabric_l3,fabric_DA,fabric_aniso,normal_x,normal_y,normal_z,normal_spread,fabric_kept_frac,extract_s,status,Run,adms_type,E_over_Es,G_over_Gs,nu_iso,TAI,Zener_Z,C11_n,C12_n,C44_n,onset_n,shear_onset_n,Rho_rel,GaussCurv_nTop,MeanCurv_nTop,Status,Version,VF_vs_rho,thickness_ratio_chk,curv_gauss_vs_ntop,curv_mean_vs_ntop
ADMS,ADMS_DF_i15p0_d10p73_t0p2_s2_m1p6.stl,,15.0,10.73,0.2,2,1.6,15.016,2174500,1,1,-42,0.05163,30.9559,1.5982,0.909,-1.40908,3.80705,-0.04606,4.40981,170.4947,31.0737,0.1984,0.0018,4000,0.06614,0.992,0.38115,0.31643,0.30242,1.26033,0.07873,0.33192,0.31627,0.35181,0.01454,0.986,10.1,OK,ADMS_DF_i15p0_d10p73_t0p2_s2_m1p6,df,0.00363,0.00375,0.2591,0.2852,0.648,0.00475,0.00095,0.0008150000000000001,0.0043159999999999995,,0.0527,-1.5941966,-0.030227792,OK (legacy),2,0.9797,0.992,0.8839,1.5238
ADMS,ADMS_flow_i15p0_d12p75_t0p2_s2_m1p6.stl,,15.0,12.75,0.2,2,1.6,15.016,2174596,1,1,-58,0.05309,30.8695,1.6389,0.929,-1.84896,4.96002,-0.06317,5.13725,157.1829,30.0846,0.1984,0.0019,4000,0.06613,0.992,0.41432,0.32758,0.2581,1.60526,0.15622,0.33418,0.32329,0.34253,0.00788,0.989,10.3,OK,ADMS_flow_i15p0_d12p75_t0p2_s2_m1p6,flow,0.00233,0.00242,0.2503,0.3521,0.4795,0.0025900000000000003,0.000585,0.0007049999999999999,0.001932,0.001776,0.05410670511304311,-2.0533315,-0.076086894,OK,1,0.9812,0.992,0.9005,0.8302
ADMS,ADMS_flow_i15p0_d14p77_t0p2_s2_m1p6.stl,,15.0,14.77,0.2,2,1.6,15.013,2641688,1,1,-98,0.06471,30.8397,1.9955,0.93,-2.71514,6.44859,-0.09044,5.85811,174.1533,32.1495,0.1984,0.0021,4000,0.06614,0.992,0.37141,0.33609,0.2925,1.26979,0.07891,0.36373,0.29627,0.34,0.02794,0.989,12.6,OK,ADMS_flow_i15p0_d14p77_t0p2_s2_m1p6,flow,0.00499,0.00507,0.2787,0.3738,0.3624,0.00703,0.0011250000000000001,0.001,0.00404,0.003976,0.06595960210901389,-3.0427237,-0.10799101,OK,1,0.9811,0.992,0.8923,0.8375
ADMS,ADMS_flow_i15p0_d16p79_t0p2_s2_m1p6.stl,,15.0,16.79,0.2,2,1.6,15.014,2907068,1,1,-122,0.07053,30.8573,2.1763,0.925,-2.92,6.83437,-0.09918,5.90569,166.8351,31.5963,0.1985,0.0018,4000,0.06617,0.993,0.37954,0.34421,0.27626,1.37385,0.10328,0.37939,0.34419,0.27642,0.04273,0.989,14.0,OK,ADMS_flow_i15p0_d16p79_t0p2_s2_m1p6,flow,0.00609,0.00609,0.2998,0.2297,0.4749,0.00937,0.0023,0.0014249999999999998,0.004704,0.004248,0.07173321457459421,-3.1141035,-0.12179515,OK,1,0.9832,0.9925,0.9377,0.8143
ADMS,ADMS_DF_i15p0_d14p77_t0p2_s2_m1p6.stl,,15.0,14.77,0.2,2,1.6,15.026,3098352,1,1,-130,0.07322,31.1299,2.2792,0.857,-2.88928,5.9739,-0.09616,5.53213,205.5843,34.8985,0.1986,0.002,4000,0.06618,0.993,0.36357,0.33643,0.3,1.2119,0.06357,0.33823,0.3333,0.32848,0.00398,0.97,15.0,OK,ADMS_DF_i15p0_d14p77_t0p2_s2_m1p6,df,0.00764,0.00806,0.2313,0.1239,1.0247,0.008035,0.0026550000000000002,0.0034100000000000003,0.006072,,0.075,-3.1511373,-0.068361985,OK (legacy),1,0.9763,0.993,0.9169,1.4066
ADMS,ADMS_DF_i15p0_d10p73_t0p3_s2_m1p6.stl,,15.0,10.73,0.3,2,1.6,15.015,2189572,1,1,-42,0.07868,20.5549,1.6173,0.9,-1.41333,1.5993,-0.07193,2.81213,154.3081,30.8354,0.3014,0.0021,4000,0.10047,1.005,0.38138,0.31625,0.30238,1.26127,0.079,0.33194,0.3161,0.35196,0.01467,0.977,11.3,OK,ADMS_DF_i15p0_d10p73_t0p3_s2_m1p6,df,0.00765,0.00793,0.254,0.2706,0.706,0.00909,0.0019,0.00187,0.008368,,0.079,-1.5526899,-0.074249931,OK (legacy),1,0.9959,1.0047,0.9102,0.9688
ADMS,ADMS_DF_i15p0_d20p83_t0p2_s1_m1p6.stl,,15.0,20.83,0.2,1,1.6,15.028,4043860,1,1,-278,0.09565,31.0343,2.9683,0.877,-5.12835,9.30677,-0.16786,6.63574,239.5869,37.8053,0.1987,0.002,4000,0.06622,0.993,0.34749,0.33306,0.31944,1.08781,0.02805,0.33279,0.32835,0.33886,0.00431,0.976,19.8,OK,ADMS_DF_i15p0_d20p83_t0p2_s1_m1p6,df,0.0144,0.01474,0.2703,0.0778,0.9602,0.016565,0.00658,0.005575,,,0.0979,-5.5181421,-0.15059208,OK (legacy),1,0.977,0.9935,0.9294,1.1147
ADMS,ADMS_raw_i15p0_d22p85_t0p2_s2_m1p6.stl,,15.0,22.85,0.2,2,1.6,15.015,4124652,1,1,-282,0.09647,30.8462,2.9757,0.909,-4.66924,9.74106,-0.15756,6.61439,195.6339,34.4556,0.1988,0.0018,4000,0.06625,0.994,0.35295,0.32927,0.31778,1.11066,0.03517,0.32878,0.33476,0.33646,0.0033,0.987,21.7,OK,ADMS_raw_i15p0_d22p85_t0p2_s2_m1p6,raw,0.01614,0.01634,0.2836,0.121,1.542,0.0195,0.0086,0.00701,0.015439999999999999,0.010432,0.09820107118899551,-5.1490746,-0.19059487,OK,1,0.9824,0.994,0.9068,0.8267
ADMS,ADMS_flow_i15p0_d26p89_t0p16_s2_m1p6.stl,,15.0,26.89,0.16,2,1.6,15.023,5131732,1,1,-604,0.10077,37.8459,3.8138,0.919,-8.21376,18.69866,-0.23138,9.22769,296.6466,45.5267,0.1615,0.0034,4000,0.05382,1.009,0.36579,0.3412,0.29301,1.24837,0.07278,0.35014,0.34763,0.30223,0.02202,0.991,24.6,OK,ADMS_flow_i15p0_d26p89_t0p16_s2_m1p6,flow,0.01386,0.01402,0.2856,0.1393,0.643,0.020135,0.00601,0.00414,0.010368,0.00816,0.1015307409518003,-9.0160114,-0.15518158,OK,1,0.9925,1.0094,0.911,1.491
ADMS,ADMS_raw_i15p0_d30p93_t0p14_s2_m1p6.stl,,15.0,30.93,0.14,2,1.6,15.017,5856236,1,1,-890,0.10085,42.2181,4.2575,0.912,-10.56164,23.27927,-0.26179,10.10211,369.0236,50.7164,0.1445,0.0036,4000,0.04818,1.032,0.35135,0.32619,0.32247,1.08955,0.02888,0.33266,0.33209,0.33525,0.00137,0.993,27.8,OK,ADMS_raw_i15p0_d30p93_t0p14_s2_m1p6,raw,0.01797,0.01828,0.2784,0.0657,1.1619,0.02153,0.009399999999999999,0.007355,0.015012000000000001,0.011064000000000001,0.0991600384246924,-11.041978,-0.27022419,OK,1,1.017,1.0321,0.9565,0.9688
ADMS,ADMS_DF_i15p0_d10p73_t0p4_s2_m1p6.stl,,15.0,10.73,0.4,2,1.6,15.013,2201708,1,1,-42,0.10474,15.6061,1.6345,0.891,-1.41731,1.05632,-0.09523,2.00598,145.455,29.3206,0.4008,0.0049,4000,0.13359,1.002,0.38164,0.31607,0.30229,1.26248,0.07935,0.33198,0.31592,0.3521,0.0148,0.968,14.0,OK,ADMS_DF_i15p0_d10p73_t0p4_s2_m1p6,df,0.01257,0.01306,0.2508,0.2599,0.7541,0.014085,0.0030499999999999998,0.003265,0.01298,,0.1051,-1.5525962,-0.11262201,OK (legacy),2,0.9966,1.002,0.9129,0.8456
ADMS,ADMS_raw_i15p0_d26p89_t0p18_s2_m1p6.stl,,15.0,26.89,0.18,2,1.6,15.013,5034868,1,1,-550,0.10746,34.0973,3.6641,0.924,-8.00302,16.43721,-0.23964,8.38334,248.2055,40.4733,0.1791,0.0021,4000,0.05969,0.995,0.34523,0.33125,0.32352,1.06711,0.02171,0.32523,0.33855,0.33622,0.00581,0.99,22.8,OK,ADMS_raw_i15p0_d26p89_t0p18_s2_m1p6,raw,0.0164,0.0166,0.2837,0.0345,1.0958,0.021015000000000002,0.00865,0.006455,0.014852,0.009392,0.1095064736332869,-8.8911766,-0.22113648,OK,1,0.9813,0.995,0.9001,1.0837
ADMS,ADMS_flow_i15p0_d12p75_t0p4_s2_m1p6.stl,,15.0,12.75,0.4,2,1.6,15.014,2191652,1,1,-56,0.1076,15.4505,1.6625,0.915,-1.72968,1.86873,-0.13039,2.72771,136.571,28.5416,0.4009,0.0051,4000,0.13363,1.002,0.41499,0.32763,0.25738,1.61238,0.15761,0.33397,0.32337,0.34266,0.00789,0.974,13.9,OK,ADMS_flow_i15p0_d12p75_t0p4_s2_m1p6,flow,0.00879,0.00917,0.2457,0.2802,0.5499,0.010845,0.002445,0.0030499999999999998,0.006828,0.006044,0.1080987927842356,-2.0010375,-0.13468105,OK,1,0.9954,1.0022,0.8644,0.9681
ADMS,ADMS_DF_i15p0_d26p89_t0p17_s2_m1p6.stl,,15.0,26.89,0.17,2,1.6,15.024,5413432,1,1,-728,0.11143,35.9616,4.0073,0.891,-9.57,20.45358,-0.27361,9.54283,314.2264,46.3323,0.1704,0.0025,4000,0.05679,1.002,0.3561,0.32763,0.31628,1.12591,0.03982,0.33622,0.32915,0.33463,0.00303,0.984,25.9,OK,ADMS_DF_i15p0_d26p89_t0p17_s2_m1p6,df,0.01905,0.01976,0.2534,0.088,0.8233,0.023929999999999996,0.007355,0.007105,0.0144,0.01058,0.1132940073213928,-10.662722,-0.16341372,OK,1,0.9835,1.0024,0.8975,1.6743
ADMS,ADMS_DF_i15p0_d14p77_t0p3_s2_m1p6.stl,,15.0,14.77,0.3,2,1.6,15.018,3123316,1,1,-130,0.11161,20.7487,2.3157,0.844,-2.90038,3.28732,-0.15008,3.82372,189.9857,34.6898,0.3014,0.0022,4000,0.10047,1.005,0.36357,0.33677,0.29966,1.21326,0.06391,0.33884,0.33248,0.32868,0.00419,0.955,16.3,OK,ADMS_DF_i15p0_d14p77_t0p3_s2_m1p6,df,0.01625,0.017,0.2431,0.0882,1.0292,0.018965,0.006515,0.00715,0.012316,,0.112,-3.21728,-0.12573443,OK (legacy),1,0.9965,1.0047,0.9015,1.1936
ADMS,ADMS_raw_i15p0_d36p0_t0p14_s2_m1p6.stl,,15.0,36.0,0.14,2,1.6,15.018,6678200,1,1,-1358,0.11598,42.077,4.88,0.924,-14.57263,29.40402,-0.35832,11.36211,375.7323,52.1439,0.1447,0.0035,4000,0.04825,1.034,0.34638,0.33171,0.32192,1.07598,0.02446,0.33721,0.32842,0.33438,0.00366,0.993,30.5,OK,ADMS_raw_i15p0_d36p0_t0p14_s2_m1p6,raw,0.02151,0.02174,0.2859,0.0341,1.0088,0.0277,0.01089,0.008175,0.018296,0.012448,0.114332981111408,-15.267468,-0.57323229,OK,1,1.0144,1.0336,0.9545,0.6251
ADMS,ADMS_raw_i15p0_d26p89_t0p2_s2_m1p6.stl,,15.0,26.89,0.2,2,1.6,15.014,5036192,1,1,-550,0.11945,30.6987,3.6671,0.922,-8.01067,15.2633,-0.26479,8.18934,237.5599,38.7142,0.1989,0.0021,4000,0.0663,0.995,0.34525,0.33126,0.32349,1.06725,0.02175,0.32521,0.33857,0.33622,0.00583,0.988,23.6,OK,ADMS_raw_i15p0_d26p89_t0p2_s2_m1p6,raw,0.0197,0.01999,0.2813,0.0389,1.1249,0.024925000000000003,0.010284999999999999,0.007845,0.017603999999999998,0.011156000000000001,0.1216586732911484,-8.7809412,-0.30881391,OK,1,0.9818,0.9945,0.9123,0.8574
ADMS,ADMS_DF_5cube_d12p75_r012.stl,,,12.75,,,,15.014,2628400,1,1,-66,0.11953,16.049,1.9183,0.813,-1.76966,1.3688,-0.11525,2.14754,145.9307,29.3222,0.4007,0.0089,4000,0.13358,,0.36289,0.32705,0.31006,1.17038,0.05283,0.31198,0.3428,0.34522,0.01513,0.942,28.8,OK,ADMS_DF_5cube_d12p75_r012,df,0.0165,0.01703,0.2596,0.1655,1.2634,0.023174999999999998,0.009305,0.00865,,,0.12,-1.8388341,-0.1008643,OK (legacy),1,0.9961,,0.9624,1.1426
ADMS,ADMS_DF_i15p0_d24p87_t0p2_s2_m1p6.stl,,15.0,24.87,0.2,2,1.6,15.024,5095932,1,1,-554,0.12076,30.8563,3.7262,0.886,-7.95918,14.10972,-0.26292,7.93105,263.6416,40.5452,0.1988,0.0021,4000,0.06628,0.994,0.34601,0.33072,0.32327,1.07035,0.02274,0.33026,0.33754,0.3322,0.00308,0.982,25.5,OK,ADMS_DF_i15p0_d24p87_t0p2_s2_m1p6,df,0.02091,0.02186,0.2437,0.0876,1.0564,0.02496,0.009155,0.01002,0.016583999999999998,,0.1233,-8.8282791,-0.31604644,OK (legacy),1,0.9794,0.994,0.9016,0.8319
ADMS,ADMS_flow_i15p0_d26p89_t0p21_s2_m1p6.stl,,15.0,26.89,0.21,2,1.6,15.021,5131620,1,1,-600,0.13077,29.209,3.8198,0.915,-8.19027,14.43982,-0.29417,8.26781,234.1027,38.1752,0.2091,0.0039,4000,0.0697,0.996,0.36594,0.34126,0.2928,1.24982,0.07315,0.35021,0.34771,0.30208,0.02212,0.986,24.0,OK,ADMS_flow_i15p0_d26p89_t0p21_s2_m1p6,flow,0.02135,0.02172,0.2782,0.1175,0.7042,0.029474999999999998,0.009045,0.006715,0.015632,0.012211999999999999,0.1330169166205493,-9.0326851,-0.27934102,OK,1,0.9831,0.9957,0.9067,1.0531
ADMS,ADMS_DF_i15p0_d10p73_t0p5_s2_m1p6.stl,,15.0,10.73,0.5,2,1.6,15.013,2212304,1,1,-42,0.13081,12.6115,1.6497,0.883,-1.42375,0.87241,-0.11936,1.66419,133.1007,28.4146,0.5006,0.0139,4000,0.16687,1.001,0.38199,0.31582,0.30218,1.26411,0.07981,0.33207,0.31564,0.35229,0.01499,0.959,16.7,OK,ADMS_DF_i15p0_d10p73_t0p5_s2_m1p6,df,0.01852,0.01932,0.2463,0.2513,0.796,0.01991,0.004395,0.00506,0.018736,,0.1313,-1.5161305,-0.12655638,OK (legacy),1,0.9963,1.0012,0.9391,0.9431
ADMS,ADMS_flow_i15p0_d14p77_t0p4_s2_m1p6.stl,,15.0,14.77,0.4,2,1.6,15.013,2656344,1,1,-98,0.13108,15.4104,2.0199,0.916,-2.74096,3.02561,-0.18501,3.43001,151.6647,30.6413,0.4009,0.0032,4000,0.13364,1.002,0.37184,0.33599,0.29218,1.27264,0.07966,0.36412,0.29596,0.33992,0.02821,0.975,15.8,OK,ADMS_flow_i15p0_d14p77_t0p4_s2_m1p6,flow,0.01592,0.01638,0.2629,0.3154,0.4523,0.020815,0.0038250000000000003,0.00385,0.012144,0.011404,0.1314438197306285,-2.8689611,-0.21076308,OK,1,0.9972,1.0022,0.9554,0.8778
ADMS,ADMS_raw_i15p0_d42p0_t0p14_s2_m1p6.stl,,15.0,42.0,0.14,2,1.6,15.017,7901440,1,1,-2216,0.13702,41.9806,5.7523,0.912,-19.72164,35.4004,-0.48699,12.35457,375.3014,53.1613,0.1447,0.0036,4000,0.04824,1.034,0.34927,0.32785,0.32288,1.08175,0.02639,0.32791,0.33703,0.33506,0.00392,0.993,36.8,OK,ADMS_raw_i15p0_d42p0_t0p14_s2_m1p6,raw,0.02934,0.02996,0.2728,0.0344,1.0858,0.036735000000000004,0.01431,0.012075,0.023724,0.016712,0.1348735413400159,-20.124089,-0.72114243,OK,1,1.0159,1.0336,0.98,0.6753
ADMS,ADMS_raw_i15p0_d30p93_t0p2_s2_m1p6.stl,,15.0,30.93,0.2,2,1.6,15.015,5851304,1,1,-890,0.13913,30.6537,4.2649,0.907,-10.6074,18.65299,-0.35683,8.97451,260.1882,40.9638,0.199,0.0021,4000,0.06632,0.995,0.35146,0.32614,0.3224,1.09013,0.02906,0.33268,0.33204,0.33527,0.0014,0.987,27.3,OK,ADMS_raw_i15p0_d30p93_t0p2_s2_m1p6,raw,0.03004,0.03058,0.277,0.0664,1.1955,0.03574,0.015625,0.012475,0.024344,0.017668,0.1415869144663149,-11.467736,-0.35458665,OK,1,0.9826,0.995,0.925,1.0063
ADMS,ADMS_raw_i12p0_d22p85_t0p28_s2_m1p6.stl,,12.0,22.85,0.28,2,1.6,12.013,2190912,1,1,-178,0.14213,21.9096,3.114,0.905,-5.69349,8.64813,-0.27501,5.82663,219.2342,38.0165,0.2819,0.0026,4000,0.09398,1.007,0.34833,0.33112,0.32055,1.08665,0.02778,0.33042,0.33299,0.33659,0.00253,0.977,11.9,OK,ADMS_raw_i12p0_d22p85_t0p28_s2_m1p6,raw,0.02247,0.02326,0.2557,0.1929,1.3303,0.026035,0.012365,0.010089999999999998,0.020096,0.014292,0.142656270668112,-6.1383246,-0.33335277,OK,1,0.9963,1.0068,0.9275,0.825
ADMS,ADMS_flow_i15p0_d26p89_t0p23_s2_m1p6.stl,,15.0,26.89,0.23,2,1.6,15.019,5130860,1,1,-602,0.14408,26.5243,3.8215,0.914,-8.23309,14.1818,-0.3237,8.11939,237.9044,38.5597,0.2302,0.005,4000,0.07675,1.001,0.366,0.34129,0.29272,1.25034,0.07328,0.35026,0.34771,0.30203,0.02216,0.985,24.5,OK,ADMS_flow_i15p0_d26p89_t0p23_s2_m1p6,flow,0.02495,0.02542,0.2758,0.1111,0.7228,0.03391,0.01047,0.007940000000000001,0.018128000000000002,0.014136,0.1456515132871993,-8.9674976,-0.29698397,OK,1,0.9892,1.0009,0.9181,1.09
ADMS,ADMS_DF_5cube_d20p83_t0p30_s2.stl,,,20.83,0.30,2,,15.019,4065148,1,1,-282,0.14571,20.6412,3.0077,0.866,-5.17399,6.70786,-0.26073,5.14315,218.8209,37.6615,0.3016,0.0024,4000,0.10054,1.005,0.34767,0.33309,0.31925,1.08902,0.02842,0.33291,0.32818,0.33892,0.00439,0.963,21.0,OK,ADMS_DF_5cube_d20p83_t0p30_s2,df,0.02945,0.03021,0.2672,0.0618,1.0315,0.034155000000000005,0.01398,0.012415,,,0.1463,-5.8040804,-0.29936991,OK (legacy),1,0.996,1.0053,0.8914,0.8709
ADMS,ADMS_DF_i15p0_d14p77_t0p4_s2_m1p6.stl,,15.0,14.77,0.4,2,1.6,15.014,3138052,1,1,-130,0.14836,15.7918,2.3429,0.833,-2.91736,2.6414,-0.20018,3.03466,175.2093,32.8997,0.4009,0.0089,4000,0.13362,1.002,0.3638,0.33681,0.29939,1.21512,0.06441,0.33934,0.33222,0.32844,0.00452,0.942,17.7,OK,ADMS_DF_i15p0_d14p77_t0p4_s2_m1p6,df,0.02657,0.02765,0.2492,0.0827,1.0232,0.03257,0.01134,0.011519999999999999,0.019408,,0.149,-3.1772552,-0.20123105,OK (legacy),1,0.9957,1.0022,0.9182,0.9948
ADMS,ADMS_DF_i15p0_d30p93_t0p2_s2_m1p6.stl,,15.0,30.93,0.2,2,1.6,15.027,6142760,1,1,-1036,0.14838,30.7124,4.5572,0.895,-12.39671,21.93747,-0.41453,9.8398,300.5417,44.202,0.199,0.0024,4000,0.06632,0.995,0.35554,0.32673,0.31773,1.11899,0.03781,0.33321,0.33886,0.32793,0.00447,0.981,31.1,OK,ADMS_DF_i15p0_d30p93_t0p2_s2_m1p6,df,0.03117,0.03183,0.2731,0.0809,0.8377,0.039514999999999995,0.01322,0.01083,0.022496,,0.1517,-13.903175,-0.42203919,OK (legacy),2,0.9781,0.995,0.8916,0.9822
ADMS,ADMS_raw_i15p0_d36p0_t0p19_s2_m1p6.stl,,15.0,36.0,0.19,2,1.6,15.021,6665940,1,1,-1360,0.15168,32.1545,4.8772,0.92,-14.64657,25.48018,-0.46761,10.44546,268.8129,42.5765,0.1889,0.0021,4000,0.06297,0.994,0.34645,0.3317,0.32184,1.07646,0.02461,0.33723,0.32839,0.33437,0.00368,0.989,32.1,OK,ADMS_raw_i15p0_d36p0_t0p19_s2_m1p6,raw,0.03316,0.03368,0.2799,0.0333,1.0513,0.041815,0.0163,0.01291,0.02736,0.018643999999999997,0.1549168893506589,-15.86329,-0.42876481,OK,1,0.9791,0.9942,0.9233,1.0906
ADMS,ADMS_DF_i15p0_d10p73_t0p6_s2_m1p6.stl,,15.0,10.73,0.6,2,1.6,15.012,2220640,1,1,-42,0.15677,10.6098,1.6633,0.874,-1.43136,0.92198,-0.14379,1.72829,122.4525,27.2871,0.6006,0.0285,4000,0.20022,1.001,0.38244,0.31552,0.30204,1.26619,0.0804,0.33216,0.31529,0.35255,0.01523,0.949,19.4,OK,ADMS_DF_i15p0_d10p73_t0p6_s2_m1p6,df,0.02573,0.02692,0.2424,0.2549,0.8328,0.0264,0.006025,0.007365,0.02484,,0.1572,-1.5789491,-0.17847047,OK (legacy),2,0.9973,1.001,0.9065,0.8057
ADMS,ADMS_raw_i15p0_d22p85_t0p33_s2_m1p6.stl,,15.0,22.85,0.33,2,1.6,15.014,4132896,1,1,-282,0.16086,18.6438,2.999,0.898,-4.71003,6.86348,-0.26704,4.91625,171.7713,33.4933,0.3308,0.0021,4000,0.11025,1.002,0.35312,0.32924,0.31763,1.11173,0.03549,0.32873,0.3348,0.33648,0.00333,0.975,21.2,OK,ADMS_raw_i15p0_d22p85_t0p33_s2_m1p6,raw,0.03671,0.03727,0.2804,0.1164,1.5364,0.04471,0.01975,0.01633,0.032076,0.022091999999999997,0.1614550434948159,-5.0634871,-0.31206198,OK,1,0.9963,1.0024,0.9302,0.8557
ADMS,ADMS_flow_i15p0_d12p75_t0p6_s2_m1p6.stl,,15.0,12.75,0.6,2,1.6,15.012,2196420,1,1,-48,0.16097,10.4285,1.6787,0.901,-1.53543,1.67423,-0.18218,2.45428,117.3667,26.7358,0.6008,0.0192,4000,0.20026,1.001,0.41602,0.32774,0.25624,1.62357,0.15978,0.33332,0.32349,0.34319,0.00804,0.96,18.1,OK,ADMS_flow_i15p0_d12p75_t0p6_s2_m1p6,flow,0.01751,0.01834,0.2413,0.2594,0.5832,0.02257,0.00484,0.00626,0.01304,0.011071999999999999,0.1613495340002566,-1.8056615,-0.19736937,OK,1,0.9976,1.0013,0.8503,0.923
ADMS,ADMS_flow_i15p0_d18p81_t0p4_s2_m1p6.stl,,15.0,18.81,0.4,2,1.6,15.014,3282904,1,1,-178,0.16129,15.3399,2.4741,0.913,-4.09253,5.43385,-0.27569,4.54185,170.1191,32.7974,0.401,0.0101,4000,0.13367,1.003,0.37205,0.3192,0.30875,1.20502,0.0633,0.31581,0.32279,0.36141,0.02006,0.974,18.4,OK,ADMS_flow_i15p0_d18p81_t0p4_s2_m1p6,flow,0.02159,0.02225,0.2612,0.2463,0.5633,0.03596,0.00624,0.007435000000000001,0.0161,0.013087999999999999,0.1617194109218221,-4.5531514,-0.30959556,OK,1,0.9973,1.0025,0.8988,0.8905
ADMS,ADMS_DF_5cube_d18p81_r018.stl,,,18.81,,,,15.015,3498252,1,1,-200,0.16813,15.7246,2.6437,0.849,-4.37989,4.87986,-0.2872,4.11306,197.7271,35.226,0.4011,0.0084,4000,0.1337,,0.36259,0.33084,0.30657,1.18273,0.05602,0.33065,0.3293,0.34005,0.00478,0.949,26.0,OK,ADMS_DF_5cube_d18p81_r018,df,0.03218,0.03361,0.2449,0.111,0.8111,0.04287,0.011014999999999999,0.01122,,,0.18,-4.7731433,-0.31362625,OK (legacy),1,0.9341,,0.9176,0.9157
ADMS,ADMS_raw_i15p0_d42p0_t0p18_s2_m1p6.stl,,15.0,42.0,0.18,2,1.6,15.014,7872984,1,1,-2216,0.17005,33.7772,5.7439,0.908,-19.84763,32.4053,-0.60682,11.64922,285.4707,45.243,0.1795,0.0024,4000,0.05984,0.997,0.34936,0.32783,0.32281,1.08224,0.02655,0.32787,0.33703,0.3351,0.00394,0.989,37.2,OK,ADMS_raw_i15p0_d42p0_t0p18_s2_m1p6,raw,0.04115,0.04213,0.27,0.0389,1.1084,0.05122,0.019855,0.017165,0.032428,0.022864000000000002,0.173118672011776,-20.482978,-0.56097395,OK,1,0.9823,0.9972,0.969,1.0817
ADMS,ADMS_flow_i15p0_d30p93_t0p24_s2_m1p6.stl,,15.0,30.93,0.24,2,1.6,15.019,5792276,1,1,-872,0.17033,25.2959,4.3087,0.913,-10.95525,17.64956,-0.4449,8.92221,246.6335,39.7874,0.2411,0.0041,4000,0.08035,1.004,0.35467,0.32923,0.3161,1.12199,0.03856,0.33539,0.33624,0.32838,0.00352,0.984,28.1,OK,ADMS_flow_i15p0_d30p93_t0p24_s2_m1p6,flow,0.03348,0.03422,0.2717,0.0838,0.7866,0.044825,0.014530000000000001,0.011859999999999999,0.02466,0.01856,0.1717327793848921,-11.447785,-0.43390306,OK,1,0.9918,1.0046,0.957,1.0253
ADMS,ADMS_DF_i15p0_d30p93_t0p23_s2_m1p6.stl,,15.0,30.93,0.23,2,1.6,15.024,6137502,1,1,-1036,0.17209,26.5099,4.5622,0.891,-12.463,21.42664,-0.48232,9.62841,308.5133,44.6994,0.2307,0.003,4000,0.07689,1.003,0.35564,0.32672,0.31765,1.1196,0.03799,0.33316,0.33894,0.32789,0.00451,0.977,30.0,OK,ADMS_DF_i15p0_d30p93_t0p23_s2_m1p6,df,0.03945,0.04038,0.2701,0.0731,0.8572,0.049615,0.01654,0.01391,0.028184,0.021032,0.1741224580782082,-13.648271,-0.47947217,OK,1,0.9883,1.003,0.9132,1.0059
ADMS,ADMS_flow_i9p0_d26p89_t0p33_s2_m1p6.stl,,9.0,26.89,0.33,2,1.6,9.016,953268,1,1,-96,0.17781,18.7017,3.3253,0.905,-7.58249,11.70836,-0.41188,6.88828,226.4013,38.809,0.3311,0.017,4000,0.11036,1.003,0.36724,0.34127,0.29149,1.25987,0.07575,0.33064,0.36313,0.30623,0.02331,0.966,6.5,OK,ADMS_flow_i9p0_d26p89_t0p33_s2_m1p6,flow,0.02295,0.02367,0.2604,0.3269,0.5341,0.043899999999999995,0.006095000000000001,0.006005,0.016092,0.013116,0.1791065475294222,-8.235374,-0.39957056,OK,1,0.9928,1.0033,0.9207,1.0308
ADMS,ADMS_raw_i12p0_d30p93_t0p26_s2_m1p6.stl,,12.0,30.93,0.26,2,1.6,12.015,2962908,1,1,-430,0.1806,23.4196,4.2297,0.903,-10.15827,17.10542,-0.45177,8.33089,256.275,41.3417,0.2622,0.0027,4000,0.0874,1.008,0.34282,0.33866,0.31852,1.07632,0.02431,0.3393,0.33437,0.32633,0.00535,0.978,16.4,OK,ADMS_raw_i12p0_d30p93_t0p26_s2_m1p6,raw,0.04276,0.04382,0.2685,0.0885,1.2203,0.045884999999999995,0.020489999999999998,0.017995,0.033228,0.024512,0.1813604284037843,-10.839503,-0.49260381,OK,1,0.9958,1.0085,0.9372,0.9171
ADMS,ADMS_raw_i15p0_d26p89_t0p3_s2_m1p6.stl,,15.0,26.89,0.3,2,1.6,15.014,5021760,1,1,-550,0.18122,20.2519,3.67,0.914,-8.10329,12.76336,-0.40963,7.00674,217.5706,38.6003,0.3017,0.0024,4000,0.10057,1.006,0.34539,0.33123,0.32338,1.06804,0.022,0.32512,0.33863,0.33625,0.00589,0.98,25.0,OK,ADMS_raw_i15p0_d26p89_t0p3_s2_m1p6,raw,0.03892,0.03982,0.2707,0.046,1.1623,0.04763,0.019125,0.015985,0.0325,0.02124,0.1817199757519607,-8.8676964,-0.48552847,OK,1,0.9972,1.0057,0.9138,0.8437
ADMS,ADMS_DF_i15p0_d10p73_t0p7_s2_m1p6.stl,,15.0,10.73,0.7,2,1.6,15.012,2227108,1,1,-42,0.18258,9.1774,1.6756,0.865,-1.44206,0.95485,-0.16816,1.75793,113.4731,26.5862,0.7007,0.0376,4000,0.23356,1.001,0.38288,0.31527,0.30184,1.26848,0.08104,0.3322,0.31504,0.35276,0.01542,0.94,21.9,OK,ADMS_DF_i15p0_d10p73_t0p7_s2_m1p6,df,0.034,0.03565,0.2397,0.2699,0.8572,0.033170000000000005,0.007935,0.010105,0.031464,,0.1829,-1.5727319,-0.19128559,OK (legacy),1,0.9983,1.001,0.9169,0.8791
ADMS,ADMS_DF_i15p0_d24p87_t0p3_s2_m1p6.stl,,15.0,24.87,0.3,2,1.6,15.018,5093488,1,1,-556,0.1836,20.424,3.7498,0.875,-8.03977,11.58462,-0.40664,6.62926,239.8846,40.0121,0.3019,0.0025,4000,0.10063,1.006,0.34617,0.33065,0.32317,1.07117,0.023,0.33028,0.33757,0.33215,0.00309,0.97,27.5,OK,ADMS_DF_i15p0_d24p87_t0p3_s2_m1p6,df,0.04229,0.04399,0.2496,0.0778,1.0773,0.051815,0.019335,0.019735,0.031911999999999996,,0.1843,-8.8145054,-0.49824721,OK (legacy),1,0.9962,1.0063,0.9121,0.8161
ADMS,ADMS_DF_i15p0_d14p77_t0p5_s2_m1p6.stl,,15.0,14.77,0.5,2,1.6,15.013,3146644,1,1,-130,0.18495,12.7867,2.3649,0.821,-2.94111,2.43716,-0.25404,2.72742,162.0153,31.852,0.5007,0.0223,4000,0.16691,1.001,0.36417,0.33679,0.29904,1.21777,0.06512,0.33982,0.33218,0.328,0.0049,0.929,21.5,OK,ADMS_DF_i15p0_d14p77_t0p5_s2_m1p6,df,0.03869,0.0402,0.2511,0.0773,1.0184,0.04797,0.016675,0.01652,0.027324,0.021772,0.185510575679701,-3.1618728,-0.27704403,OK,2,0.997,1.0014,0.9302,0.917
ADMS,ADMS_DF_i12p0_d20p83_t0p4_s2_m1p6.stl,,12.0,20.83,0.4,2,1.6,12.015,2040984,1,1,-118,0.18545,16.0068,2.9685,0.829,-5.16347,6.25517,-0.34404,4.56937,197.8078,35.388,0.4011,0.0194,4000,0.1337,1.003,0.36601,0.32332,0.31067,1.17813,0.05534,0.31516,0.33222,0.35262,0.01531,0.937,13.2,OK,ADMS_DF_i12p0_d20p83_t0p4_s2_m1p6,df,0.03709,0.03857,0.25,0.1063,1.0294,0.050255,0.0152,0.01724,,,0.1864,-5.3844688,-0.36888382,OK (legacy),1,0.9949,1.0028,0.959,0.9327
ADMS,ADMS_DF_i12p0_d26p89_t0p31_s2_m1p6.stl,,12.0,26.89,0.31,2,1.6,12.027,2594424,1,1,-286,0.18738,20.0801,3.7626,0.861,-8.57623,12.14621,-0.44434,6.68896,239.1956,39.9892,0.3115,0.0057,4000,0.10383,1.005,0.34263,0.33258,0.32479,1.05491,0.01784,0.33966,0.32707,0.33326,0.00514,0.957,13.5,OK,ADMS_DF_i12p0_d26p89_t0p31_s2_m1p6,df,0.04332,0.0448,0.257,0.0599,1.0245,0.049714999999999995,0.01811,0.01744,,0.022856,0.1883919113200582,-9.2604797,-0.47809102,OK (no compression CSV),1,0.9946,1.0048,0.9261,0.9294
ADMS,ADMS_raw_i9p0_d26p89_t0p34_s2_m1p6.stl,,9.0,26.89,0.34,2,1.6,9.014,1018416,1,1,-104,0.1896,18.3829,3.4853,0.89,-8.13397,12.27604,-0.46889,6.68381,213.9328,37.7695,0.341,0.0057,4000,0.11368,1.003,0.34838,0.33027,0.32135,1.08409,0.02702,0.3304,0.34662,0.32298,0.00987,0.96,6.8,OK,ADMS_raw_i9p0_d26p89_t0p34_s2_m1p6,raw,0.04397,0.04487,0.2739,0.0751,1.2067,0.05731,0.0231,0.018494999999999998,0.035088,0.025524,0.1910095801497273,-8.7146536,-0.53764683,OK,1,0.9926,1.0029,0.9334,0.8721
ADMS,ADMS_DF_i15p0_d20p83_t0p4_s1_m1p6.stl,,15.0,20.83,0.4,1,1.6,15.021,4070096,1,1,-284,0.19344,15.6633,3.0299,0.857,-5.23752,6.14176,-0.3509,4.5254,203.7518,35.698,0.4011,0.0075,4000,0.13369,1.003,0.3479,0.33303,0.31907,1.09036,0.02883,0.33304,0.32799,0.33896,0.00448,0.952,23.8,OK,ADMS_DF_i15p0_d20p83_t0p4_s1_m1p6,df,0.04684,0.04818,0.2639,0.0559,1.049,0.05411,0.021865000000000002,0.019925,,,0.1943,-5.6974153,-0.41909741,OK (legacy),1,0.9956,1.0028,0.9193,0.8373
ADMS,ADMS_DF_i15p0_d20p63_t0p4_s2_m1p6.stl,,15.0,20.63,0.4,2,1.6,15.015,4080276,1,1,-316,0.19515,15.5912,3.0426,0.856,-5.6648,6.9246,-0.37947,4.82554,208.8879,36.3358,0.4011,0.0088,4000,0.13371,1.003,0.35288,0.33149,0.31563,1.118,0.03724,0.33086,0.34109,0.32805,0.0056,0.95,23.6,OK,ADMS_DF_i15p0_d20p63_t0p4_s2_m1p6,df,0.04542,0.04695,0.2576,0.0615,1.0415,0.055830000000000005,0.018799999999999997,0.0176,0.033268,,0.1959,-6.3655741,-0.44500733,OK (legacy),1,0.9962,1.0028,0.8899,0.8527
ADMS,ADMS_flow_i12p0_d26p89_t0p33_s2_m1p6.stl,,12.0,26.89,0.33,2,1.6,12.015,2485928,1,1,-282,0.19569,18.5427,3.6287,0.903,-8.12215,12.37875,-0.47512,7.04511,220.7933,38.3579,0.3312,0.005,4000,0.11039,1.004,0.35382,0.33314,0.31304,1.13026,0.04078,0.34254,0.32464,0.33281,0.00732,0.972,13.6,OK,ADMS_flow_i12p0_d26p89_t0p33_s2_m1p6,flow,0.03716,0.03835,0.2598,0.1468,0.7344,0.042155,0.012350000000000002,0.012244999999999999,0.025532,0.022076000000000002,0.1966304591094682,-8.7046988,-0.47777364,OK,1,0.9952,1.0036,0.9331,0.9944
ADMS,ADMS_DF_i15p0_d20p83_t0p4_s2_m1p4.stl,,15.0,20.83,0.4,2,1.4,15.018,4178376,1,1,-304,0.19578,15.8235,3.0979,0.818,-5.22351,6.07125,-0.3477,4.4814,204.7036,35.775,0.401,0.0098,4000,0.13368,1.003,0.36482,0.329,0.30618,1.19153,0.05864,0.33185,0.34147,0.32668,0.00613,0.94,24.3,OK,ADMS_DF_i15p0_d20p83_t0p4_s2_m1p4,df,0.04908,0.0505,0.2635,0.0676,1.095,0.05965,0.023105,0.02035,,,0.1966,-5.5406543,-0.39794313,OK (legacy),1,0.9958,1.0025,0.9428,0.8737
ADMS,ADMS_flow_i15p0_d14p77_t0p6_s2_m1p6.stl,,15.0,14.77,0.6,2,1.6,15.012,2652592,1,1,-92,0.19579,10.3743,2.0311,0.901,-2.63132,2.87639,-0.27581,3.2072,135.8877,29.2118,0.6009,0.0211,4000,0.2003,1.002,0.37268,0.33551,0.2918,1.27718,0.08088,0.36507,0.29557,0.33937,0.02869,0.96,21.9,OK,ADMS_flow_i15p0_d14p77_t0p6_s2_m1p6,flow,0.03044,0.03159,0.2528,0.291,0.5008,0.037915000000000004,0.0075049999999999995,0.008015,0.021768,0.019936,0.196249512996418,-2.8785575,-0.28504005,OK,1,0.9977,1.0015,0.9141,0.9676
ADMS,ADMS_flow_i15p0_d22p85_t0p37_s2_m1p6.stl,,15.0,22.85,0.37,2,1.6,15.015,4341336,1,1,-362,0.19663,16.5778,3.2598,0.899,-5.88402,8.06499,-0.38137,5.5666,192.1851,35.1262,0.371,0.005,4000,0.12366,1.003,0.38314,0.32789,0.28896,1.32592,0.09418,0.35671,0.31035,0.33294,0.01893,0.972,23.0,OK,ADMS_flow_i15p0_d22p85_t0p37_s2_m1p6,flow,0.04168,0.04266,0.2702,0.1052,0.7435,0.05557,0.016995,0.014499999999999999,0.029448000000000002,0.02382,0.1974390867485574,-6.3767617,-0.4138283,OK,1,0.9959,1.0027,0.9227,0.9216
ADMS,ADMS_DF_i15p0_d20p83_t0p4_s2_m1p8.stl,,15.0,20.83,0.4,2,1.8,15.015,4106150,1,1,-286,0.19689,15.5943,3.0703,0.86,-5.42877,6.59555,-0.37191,4.73654,206.4593,36.1162,0.4011,0.0068,4000,0.1337,1.003,0.35955,0.33919,0.30126,1.19348,0.05829,0.3254,0.35245,0.32214,0.01358,0.956,24.2,OK,ADMS_DF_i15p0_d20p83_t0p4_s2_m1p8,df,0.04452,0.04601,0.2577,0.0867,0.9409,0.053559999999999997,0.018685,0.017509999999999998,,,0.1976,-5.924585,-0.42624053,OK (legacy),1,0.9964,1.0028,0.9163,0.8725
ADMS,ADMS_DF_i15p0_d21p03_t0p4_s2_m1p6.stl,,15.0,21.03,0.4,2,1.6,15.025,4178788,1,1,-328,0.1988,15.5908,3.0995,0.859,-5.75707,7.14926,-0.38578,4.88836,207.5741,36.0763,0.4011,0.0083,4000,0.13371,1.003,0.35147,0.33467,0.31386,1.11983,0.03761,0.32625,0.34577,0.32798,0.00882,0.953,24.3,OK,ADMS_DF_i15p0_d21p03_t0p4_s2_m1p6,df,0.04562,0.04744,0.2501,0.0648,1.0512,0.058525,0.01926,0.019305000000000003,0.03506,,0.1997,-6.3053258,-0.44840714,OK (legacy),1,0.9955,1.0028,0.913,0.8603
ADMS,ADMS_DF_i9p0_d26p89_t0p31_s2_m1p6.stl,,9.0,26.89,0.31,2,1.6,9.019,1193024,1,1,-132,0.19896,20.6119,4.1009,0.831,-9.55635,14.06583,-0.50996,7.22355,256.9541,41.574,0.3115,0.0166,4000,0.10385,1.005,0.35803,0.33533,0.30664,1.1676,0.05139,0.33385,0.33811,0.32804,0.00412,0.937,7.4,OK,ADMS_DF_i9p0_d26p89_t0p31_s2_m1p6,df,0.0392,0.04168,0.2228,0.1364,0.9445,0.04319,0.012769999999999998,0.015695,,0.020096,0.2005742612366345,-10.400495,-0.47036278,OK (no compression CSV),1,0.992,1.0048,0.9188,1.0842
ADMS,ADMS_raw_i15p0_d22p85_t0p41_s2_m1p6.stl,,15.0,22.85,0.41,2,1.6,15.014,4128960,0,1,-281,0.19944,15.0774,3.0071,0.89,-4.74654,6.66596,-0.33267,4.71873,165.075,32.6279,0.4111,0.0061,4000,0.13705,1.003,0.35328,0.32922,0.3175,1.11269,0.03578,0.32868,0.33481,0.33651,0.00336,0.968,22.1,OK,ADMS_raw_i15p0_d22p85_t0p41_s2_m1p6,raw,0.05228,0.05318,0.278,0.1119,1.5101,0.06341000000000001,0.027865,0.023319999999999997,0.043688000000000005,0.02984,0.2000815115064166,-5.0207084,-0.38025441,OK,1,0.9968,1.0027,0.9454,0.8749
ADMS,ADMS_DF_i18p0_d21p0_t0p4_s2_m1p6.stl,,18.0,21.0,0.4,2,1.6,18.015,7188356,1,1,-546,0.20074,15.4135,3.0942,0.866,-5.60228,6.9398,-0.37883,4.86411,204.1606,35.9947,0.4012,0.0032,4000,0.13373,1.003,0.35294,0.3295,0.31756,1.11143,0.03538,0.33391,0.32382,0.34228,0.00755,0.965,38.7,OK,ADMS_DF_i18p0_d21p0_t0p4_s2_m1p6,df,0.05031,0.05209,0.2555,0.066,1.0223,0.055279999999999996,0.021355,0.02051,0.037472,,0.2014,-6.1857539,-0.43587603,OK (legacy),1,0.9967,1.003,0.9057,0.8691
ADMS,ADMS_raw_i12p0_d26p89_t0p34_s2_m1p6.stl,,12.0,26.89,0.34,2,1.6,12.014,2611208,1,1,-258,0.20314,18.1903,3.6952,0.889,-6.90184,10.77459,-0.40338,6.21572,193.0309,36.0119,0.3409,0.0056,4000,0.11363,1.003,0.35246,0.32674,0.3208,1.09868,0.03166,0.32834,0.3415,0.33016,0.00582,0.968,15.5,OK,ADMS_raw_i12p0_d26p89_t0p34_s2_m1p6,raw,0.05593,0.05666,0.2833,0.1268,1.5907,0.063415,0.03169,0.026770000000000002,0.045904,0.030303999999999998,0.2041123409193781,-7.2973653,-0.48074743,OK,1,0.9952,1.0026,0.9458,0.8391
ADMS,ADMS_raw_i15p0_d30p93_t0p29_s2_m1p6.stl,,15.0,30.93,0.29,2,1.6,15.015,5817564,1,1,-890,0.204,20.8618,4.2558,0.898,-10.76048,16.4422,-0.53491,7.94854,238.2571,40.8271,0.2921,0.0027,4000,0.09738,1.007,0.35171,0.32606,0.32224,1.09145,0.02947,0.33269,0.33205,0.33526,0.00139,0.979,31.0,OK,ADMS_raw_i15p0_d30p93_t0p29_s2_m1p6,raw,0.05527,0.0565,0.2717,0.0627,1.2021,0.06541000000000001,0.027875,0.023319999999999997,0.042556,0.030647999999999998,0.2044891197586894,-11.357527,-0.56699246,OK,1,0.9976,1.0072,0.9474,0.9434
ADMS,ADMS_DF_i18p0_d26p89_t0p31_s2_m1p6.stl,,18.0,26.89,0.31,2,1.6,18.018,9322472,1,1,-1254,0.20484,19.564,4.0076,0.878,-9.59683,14.14768,-0.50847,7.31365,256.0988,41.6536,0.3117,0.0028,4000,0.10389,1.005,0.35682,0.32635,0.31683,1.12623,0.03999,0.32174,0.34638,0.33188,0.01011,0.972,52.6,OK,ADMS_DF_i18p0_d26p89_t0p31_s2_m1p6,df,0.05703,0.05841,0.2694,0.0394,0.9703,0.07388,0.026585,0.022099999999999998,0.041659999999999996,0.02934,0.2053988719795369,-10.540061,-0.6103049,OK,1,0.9973,1.0055,0.9105,0.8331
ADMS,ADMS_raw_i18p0_d26p89_t0p34_s2_m1p6.stl,,18.0,26.89,0.34,2,1.6,18.014,8668348,1,1,-988,0.20608,17.8234,3.673,0.896,-8.0348,11.73753,-0.46818,6.50758,216.1889,37.9195,0.341,0.0026,4000,0.11365,1.003,0.35241,0.32928,0.31831,1.10712,0.0341,0.34025,0.33105,0.32871,0.00498,0.979,38.4,OK,ADMS_raw_i18p0_d26p89_t0p34_s2_m1p6,raw,0.05506,0.05629,0.2716,0.0566,1.1859,0.06559,0.027690000000000003,0.022955,0.04278,0.030564,0.2067561513323987,-8.4946531,-0.52787873,OK,1,0.9967,1.0029,0.9459,0.8869
ADMS,ADMS_DF_i15p0_d10p73_t0p8_s2_m1p6.stl,,15.0,10.73,0.8,2,1.6,15.011,2231540,1,1,-42,0.20821,8.0996,1.6864,0.856,-1.45044,1.00322,-0.19243,1.79809,107.1767,25.9347,0.8007,0.0492,4000,0.26689,1.001,0.38317,0.31528,0.30155,1.27068,0.08162,0.33235,0.31505,0.3526,0.01535,0.93,26.0,OK,ADMS_DF_i15p0_d10p73_t0p8_s2_m1p6,df,0.04313,0.04526,0.2387,0.2767,0.8726,0.040945,0.010185,0.013080000000000001,0.038492,,0.2087,-1.5617071,-0.21950979,OK (legacy),1,0.9977,1.0009,0.9288,0.8766
ADMS,ADMS_raw_i15p0_d36p0_t0p26_s2_m1p6.stl,,15.0,36.0,0.26,2,1.6,15.021,6620828,1,1,-1358,0.21012,23.1013,4.8541,0.913,-14.84547,24.52285,-0.65603,9.99383,270.99,43.2307,0.2624,0.0026,4000,0.08748,1.009,0.34663,0.33168,0.32169,1.07755,0.02495,0.3373,0.32831,0.33439,0.00375,0.983,33.6,OK,ADMS_raw_i15p0_d36p0_t0p26_s2_m1p6,raw,0.05576,0.05703,0.2712,0.0341,1.0703,0.06844,0.025859999999999998,0.022065,0.044012,0.030199999999999998,0.2107253364719704,-15.679493,-0.62391316,OK,1,0.9971,1.0092,0.9468,1.0515
ADMS,ADMS_DF_i15p0_d20p83_t0p4_s2_m2p0.stl,,15.0,20.83,0.4,2,2.0,15.014,4384244,1,1,-348,0.21167,15.6218,3.3067,0.844,-5.91463,7.21717,-0.39788,5.02991,222.58,37.7299,0.4011,0.0082,4000,0.13371,1.003,0.37252,0.32009,0.30739,1.21189,0.06513,0.33477,0.32565,0.33959,0.00578,0.945,25.4,OK,ADMS_DF_i15p0_d20p83_t0p4_s2_m2p0,df,0.05474,0.05645,0.2608,0.0676,0.9005,0.06701,0.02175,0.020354999999999998,,,0.2124,-6.5925088,-0.45831646,OK (legacy),1,0.9966,1.0028,0.8972,0.8681
ADMS,ADMS_flow_i15p0_d22p85_t0p4_s2_m1p6.stl,,15.0,22.85,0.4,2,1.6,15.014,4334372,1,1,-358,0.2124,15.3442,3.259,0.896,-5.83683,8.02113,-0.41139,5.52652,189.413,34.8115,0.4012,0.0062,4000,0.13372,1.003,0.3833,0.32791,0.2888,1.32723,0.0945,0.35682,0.3102,0.33298,0.01904,0.97,23.6,OK,ADMS_flow_i15p0_d22p85_t0p4_s2_m1p6,flow,0.0475,0.04868,0.2683,0.1005,0.7591,0.062645,0.019285,0.016739999999999998,0.033271999999999996,0.026756,0.213153860316083,-6.3298886,-0.44944056,OK,1,0.9965,1.003,0.9221,0.9153
ADMS,ADMS_flow_i18p0_d26p89_t0p33_s2_m1p6.stl,,18.0,26.89,0.33,2,1.6,18.019,9005868,1,1,-1092,0.21248,18.3269,3.8941,0.902,-8.54121,12.54531,-0.48979,7.03287,210.9314,37.4768,0.3312,0.0031,4000,0.11038,1.003,0.34588,0.32995,0.32417,1.06696,0.02171,0.3357,0.33009,0.33421,0.00237,0.979,45.0,OK,ADMS_flow_i18p0_d26p89_t0p33_s2_m1p6,flow,0.05086,0.05186,0.2748,0.0764,0.7865,0.07097,0.022185,0.01901,0.036728000000000004,0.027828,0.2131907914539336,-9.1439569,-0.50057545,OK,1,0.9967,1.0036,0.9341,0.9785
ADMS,ADMS_flow_i15p0_d12p75_t0p8_s2_m1p6.stl,,15.0,12.75,0.8,2,1.6,15.011,2196032,1,1,-48,0.21351,7.9154,1.69,0.887,-1.56268,1.72698,-0.23204,2.50927,102.6283,25.1918,0.8008,0.0347,4000,0.26695,1.001,0.41686,0.32776,0.25538,1.63233,0.16148,0.33294,0.32342,0.34364,0.00826,0.946,26.0,OK,ADMS_flow_i15p0_d12p75_t0p8_s2_m1p6,flow,0.02825,0.02973,0.2352,0.2536,0.6068,0.03649,0.00732,0.01006,0.019972,0.01654,0.2138963793372812,-1.7613485,-0.26082661,OK,1,0.9982,1.001,0.8872,0.8896
ADMS,ADMS_DF_5cube_d22p85_r022.stl,,,22.85,,,,15.016,4404896,1,1,-390,0.21469,15.5198,3.3319,0.862,-6.49913,8.19446,-0.43793,5.35038,215.8471,37.2891,0.4012,0.0081,4000,0.13374,,0.34904,0.33003,0.32092,1.08762,0.02812,0.32292,0.33238,0.34469,0.00891,0.955,30.8,OK,ADMS_DF_5cube_d22p85_r022,df,0.05388,0.0558,0.2553,0.0874,0.833,0.07531,0.021025000000000002,0.021195,,,0.22,-7.1265963,-0.51848168,OK (legacy),1,0.9759,,0.912,0.8446
ADMS,ADMS_DF_i15p0_d26p89_t0p33_s2_m1p6.stl,,15.0,26.89,0.33,2,1.6,15.016,5387076,1,1,-730,0.21748,18.5259,4.0291,0.873,-9.78274,14.21828,-0.54645,7.22376,248.4814,40.8692,0.3313,0.003,4000,0.11042,1.004,0.35655,0.32755,0.3159,1.1287,0.04066,0.33632,0.32927,0.33441,0.00298,0.966,27.8,OK,ADMS_DF_i15p0_d26p89_t0p33_s2_m1p6,df,0.05798,0.06008,0.2547,0.0516,0.9116,0.070525,0.022945000000000004,0.02218,0.040780000000000004,0.029368,0.2184656983944069,-10.575614,-0.65177588,OK,1,0.9955,1.0039,0.925,0.8384
ADMS,ADMS_DF_i9p0_d20p83_t0p4_s2_m1p6.stl,,9.0,20.83,0.4,2,1.6,9.014,1024000,1,1,-84,0.22083,15.7939,3.4878,0.873,-5.52721,7.05846,-0.39322,4.83299,203.0119,36.0748,0.4011,0.0215,4000,0.1337,1.003,0.36343,0.32531,0.31127,1.16758,0.05216,0.31283,0.36026,0.32691,0.01989,0.948,7.3,OK,ADMS_DF_i9p0_d20p83_t0p4_s2_m1p6,df,0.037,0.04031,0.1933,0.2078,1.0895,0.04519,0.00781,0.012504999999999999,0.026324,0.018764,0.222140744249145,-5.9549285,-0.4212299,OK,2,0.9941,1.0028,0.9282,0.9335
ADMS,ADMS_DF_i15p0_d14p77_t0p6_s2_m1p6.stl,,15.0,14.77,0.6,2,1.6,15.012,3149600,1,1,-130,0.22107,10.7741,2.3819,0.81,-2.96692,2.56415,-0.30868,2.81532,151.1578,30.9061,0.6008,0.0399,4000,0.20026,1.001,0.36465,0.33665,0.29871,1.22075,0.06594,0.34003,0.33241,0.32756,0.00513,0.915,24.9,OK,ADMS_DF_i15p0_d14p77_t0p6_s2_m1p6,df,0.05326,0.05521,0.2541,0.0678,1.0056,0.066245,0.02316,0.02228,0.035984,,0.2215,-3.2050238,-0.34147777,OK (legacy),1,0.9981,1.0013,0.9257,0.904
ADMS,ADMS_raw_i15p0_d26p89_t0p37_s2_m1p6.stl,,15.0,26.89,0.37,2,1.6,15.014,4999804,1,1,-550,0.22248,16.4717,3.6646,0.907,-8.1907,12.57078,-0.50939,6.72797,205.5365,36.8562,0.3712,0.0026,4000,0.12373,1.003,0.34552,0.3312,0.32328,1.06881,0.02225,0.32503,0.3387,0.33627,0.00595,0.974,27.7,OK,ADMS_raw_i15p0_d26p89_t0p37_s2_m1p6,raw,0.05503,0.05655,0.2651,0.0484,1.1703,0.066525,0.026150000000000003,0.02303,0.043963999999999996,0.02918,0.2233908041846973,-8.7689064,-0.58977359,OK,1,0.9959,1.0032,0.9341,0.8637
ADMS,ADMS_DF_i15p0_d30p93_t0p3_s2_m1p6.stl,,15.0,30.93,0.3,2,1.6,15.018,6100056,0,1,-1039,0.22542,20.2178,4.5574,0.883,-12.6289,19.67667,-0.64485,8.72163,269.2303,43.5483,0.3021,0.0029,4000,0.10071,1.007,0.35591,0.3267,0.31739,1.12135,0.03852,0.33316,0.33909,0.32776,0.00463,0.97,32.1,OK,ADMS_DF_i15p0_d30p93_t0p3_s2_m1p6,df,0.0611,0.06281,0.2645,0.0613,0.887,0.07597000000000001,0.025115,0.022135,0.042684,,0.2261,-13.45597,-0.69417334,OK (legacy),1,0.997,1.007,0.9385,0.9289
ADMS,ADMS_flow_i15p0_d26p89_t0p36_s2_m1p6.stl,,15.0,26.89,0.36,2,1.6,15.016,5089816,1,1,-588,0.22554,16.9081,3.8134,0.902,-8.19632,11.85483,-0.51409,6.77028,205.3619,36.8008,0.361,0.008,4000,0.12034,1.003,0.36641,0.34147,0.29212,1.25434,0.0743,0.35053,0.34785,0.30161,0.02246,0.974,26.6,OK,ADMS_flow_i15p0_d26p89_t0p36_s2_m1p6,flow,0.05175,0.05325,0.2633,0.0855,0.8027,0.066495,0.020560000000000002,0.01764,0.035252000000000006,0.027652,0.226561870837195,,,OK,1,0.9955,1.0028,,
ADMS,ADMS_raw_i15p0_d42p0_t0p24_s2_m1p6.stl,,15.0,42.0,0.24,2,1.6,15.015,7811172,1,1,-2214,0.22856,24.958,5.7044,0.902,-20.16005,32.18137,-0.82684,11.39966,294.0053,44.8884,0.2421,0.0029,4000,0.08069,1.009,0.3496,0.32776,0.32264,1.08354,0.02695,0.32779,0.33708,0.33513,0.004,0.984,37.5,OK,ADMS_raw_i15p0_d42p0_t0p24_s2_m1p6,raw,0.06605,0.06787,0.2652,0.042,1.1213,0.081515,0.030965,0.027665000000000002,0.049988,0.035283999999999996,0.2298047523703052,-20.643497,-0.78411865,OK,1,0.9946,1.0088,0.9766,1.0545
ADMS,ADMS_raw_i15p0_d30p93_t0p34_s2_m1p6.stl,,15.0,30.93,0.34,2,1.6,15.015,5788352,1,1,-890,0.23803,17.8302,4.2441,0.893,-10.86538,16.26707,-0.63185,7.65559,227.314,39.4907,0.3411,0.0029,4000,0.11371,1.003,0.35186,0.326,0.32214,1.09227,0.02972,0.33268,0.33204,0.33528,0.0014,0.975,29.4,OK,ADMS_raw_i15p0_d30p93_t0p34_s2_m1p6,raw,0.07079,0.07252,0.2689,0.061,1.195,0.08352,0.0351,0.03,0.053003999999999996,0.03822,0.2390213712533705,-11.356643,-0.6865724,OK,1,0.9959,1.0032,0.9567,0.9203
ADMS,ADMS_raw_i15p0_d26p89_t0p4_s2_m1p6.stl,,15.0,26.89,0.4,2,1.6,15.014,4986264,1,1,-550,0.24019,15.235,3.6593,0.905,-8.23762,12.6697,-0.55377,6.74357,202.9007,36.5224,0.4014,0.0029,4000,0.13379,1.003,0.34583,0.33088,0.32329,1.06971,0.02254,0.32491,0.33944,0.33565,0.00615,0.971,22.1,OK,ADMS_raw_i15p0_d26p89_t0p4_s2_m1p6,raw,0.06257,0.0644,0.2631,0.0488,1.1719,0.07545,0.029345,0.026295000000000002,0.048735999999999995,0.032804,0.24098865,-8.779801,-0.64510095,OK,1,0.9967,1.0035,0.9382,0.8584
ADMS,ADMS_DF_i15p0_d20p83_t0p5_s2_m1p6.stl,,15.0,20.83,0.5,2,1.6,15.014,4062912,1,1,-288,0.24087,12.6329,3.0429,0.848,-5.31329,6.16294,-0.44589,4.40332,187.4821,34.6104,0.5009,0.0186,4000,0.16698,1.002,0.34819,0.33308,0.31873,1.09243,0.02946,0.33302,0.32766,0.33931,0.00476,0.942,26.7,OK,ADMS_DF_i15p0_d20p83_t0p5_s2_m1p6,df,0.06719,0.06924,0.2616,0.0504,1.0549,0.07762,0.03087,0.028650000000000002,0.048432,0.0353,0.2416361723354057,-5.8607218,-0.51770158,OK,1,0.9968,1.0018,0.9066,0.8613
ADMS,ADMS_raw_i15p0_d22p85_t0p5_s2_m1p6.stl,,15.0,22.85,0.5,2,1.6,15.013,4114960,1,1,-282,0.24239,12.4186,3.0101,0.882,-4.80029,6.65765,-0.40992,4.62008,153.6309,31.694,0.501,0.0148,4000,0.16699,1.002,0.35349,0.3292,0.31731,1.11401,0.03618,0.32862,0.33485,0.33653,0.0034,0.96,25.1,OK,ADMS_raw_i15p0_d22p85_t0p5_s2_m1p6,raw,0.07194,0.07333,0.2754,0.1059,1.467,0.087075,0.03754,0.03179,0.056924,0.038835999999999996,0.2430442148673639,-5.0718912,-0.4594863,OK,1,0.9973,1.002,0.9464,0.8921
ADMS,ADMS_DF_i15p0_d24p87_t0p4_s2_m1p6.stl,,15.0,24.87,0.4,2,1.6,15.014,5066664,1,1,-556,0.24348,15.4202,3.7546,0.863,-8.162,11.38025,-0.54932,6.29488,222.522,38.0327,0.4012,0.0065,4000,0.13374,1.003,0.34637,0.33055,0.32307,1.07212,0.0233,0.33039,0.33757,0.33203,0.00307,0.959,29.0,OK,ADMS_DF_i15p0_d24p87_t0p4_s2_m1p6,df,0.06775,0.0704,0.251,0.0625,1.0766,0.08257500000000001,0.030670000000000003,0.030699999999999998,0.048508,,0.2443,-8.7522566,-0.60767348,OK (legacy),1,0.9966,1.003,0.9326,0.904
ADMS,ADMS_raw_i12p0_d36p0_t0p31_s2_m1p6.stl,,12.0,36.0,0.31,2,1.6,12.014,3357788,1,1,-656,0.24509,19.5411,4.7893,0.905,-14.52279,22.67009,-0.76424,9.35544,233.539,41.0743,0.3118,0.0028,4000,0.10393,1.006,0.3464,0.33433,0.31927,1.08499,0.02713,0.3283,0.34099,0.33071,0.0055,0.973,18.6,OK,ADMS_raw_i12p0_d36p0_t0p31_s2_m1p6,raw,0.06832,0.07017,0.2658,0.07,1.2382,0.078015,0.03344,0.029900000000000003,0.05316,0.036296,0.2458931284336482,-15.187733,-0.75275315,OK,1,0.9967,1.0058,0.9562,1.0153
ADMS,ADMS_raw_i15p0_d36p0_t0p31_s2_m1p6.stl,,15.0,36.0,0.31,2,1.6,15.015,6568236,1,1,-1358,0.24955,19.3524,4.8293,0.908,-15.03052,23.27075,-0.7946,9.42594,242.2275,41.5308,0.3119,0.0027,4000,0.10396,1.006,0.34678,0.33166,0.32156,1.07845,0.02523,0.33735,0.32825,0.3344,0.00379,0.978,33.9,OK,ADMS_raw_i15p0_d36p0_t0p31_s2_m1p6,raw,0.07362,0.07558,0.2663,0.033,1.0742,0.089085,0.0331,0.02939,0.056076,0.03878,0.2501885669719802,-15.634623,-0.7775801,OK,1,0.9974,1.0061,0.9614,1.0219
ADMS,ADMS_flow_i15p0_d26p89_t0p4_s2_m1p6.stl,,15.0,26.89,0.4,2,1.6,15.019,5069140,1,1,-584,0.25004,15.2129,3.8038,0.898,-8.20472,11.80279,-0.57403,6.73841,206.0685,36.5747,0.4013,0.0103,4000,0.13376,1.003,0.3666,0.34157,0.29183,1.25623,0.07478,0.35069,0.34788,0.30143,0.02259,0.97,27.8,OK,ADMS_flow_i15p0_d26p89_t0p4_s2_m1p6,flow,0.06405,0.06596,0.2623,0.0733,0.806,0.08614000000000001,0.02699,0.02436,0.043452,0.03438,0.25125131,-8.8729575,-0.61931631,OK,2,0.9952,1.0032,0.9247,0.9269
ADMS,ADMS_raw_i15p0_d22p85_t0p53_s2_m1p6.stl,,15.0,22.85,0.53,2,1.6,15.013,4109516,1,1,-282,0.25659,11.7291,3.0095,0.879,-4.82067,6.73317,-0.43608,4.63891,153.2419,31.5281,0.531,0.0145,4000,0.17701,1.002,0.35357,0.32919,0.31724,1.11451,0.03633,0.32859,0.33488,0.33653,0.00342,0.958,26.4,OK,ADMS_raw_i15p0_d22p85_t0p53_s2_m1p6,raw,0.07902,0.0806,0.2745,0.1037,1.4522,0.09567,0.04096,0.0349,0.061324,0.042012,0.2572752960515737,-5.0862744,-0.48211004,OK,1,0.9973,1.0019,0.9478,0.9045
ADMS,ADMS_DF_i15p0_d14p77_t0p7_s2_m1p6.stl,,15.0,14.77,0.7,2,1.6,15.012,3146176,1,1,-130,0.2567,9.3294,2.3949,0.798,-3.00344,2.67802,-0.36264,2.87808,142.2608,30.084,0.7008,0.0632,4000,0.23359,1.001,0.36521,0.33637,0.29843,1.22377,0.06678,0.33982,0.33294,0.32724,0.00514,0.902,28.5,OK,ADMS_DF_i15p0_d14p77_t0p7_s2_m1p6,df,0.06922,0.07175,0.2542,0.0644,0.9962,0.086485,0.02996,0.028624999999999998,0.045468,,0.2572,-3.3298047,-0.38737815,OK (legacy),1,0.9981,1.0011,0.902,0.9361
ADMS,ADMS_DF_5cube_d26p89_r026.stl,,,26.89,,,,15.014,5299120,1,1,-684,0.25797,15.3352,3.956,0.868,-9.48559,13.52025,-0.64744,6.92642,235.2745,39.3858,0.4014,0.0078,4000,0.1338,,0.35791,0.32798,0.31411,1.13944,0.0438,0.32586,0.35057,0.32357,0.01222,0.958,37.6,OK,ADMS_DF_5cube_d26p89_r026,df,0.07238,0.07527,0.2502,0.0509,0.9721,0.09063,0.02924,0.028975,,,0.26,-9.9121972,-0.73192551,OK (legacy),1,0.9922,,0.957,0.8846
ADMS,ADMS_flow_i15p0_d14p77_t0p8_s2_m1p6.stl,,15.0,14.77,0.8,2,1.6,15.013,2629672,1,1,-84,0.25922,7.8252,2.0284,0.886,-2.46858,2.97295,-0.35598,3.27205,120.3605,27.7609,0.801,0.0393,4000,0.26701,1.001,0.374,0.33487,0.29112,1.2847,0.08288,0.36664,0.29471,0.33865,0.02961,0.945,31.2,OK,ADMS_flow_i15p0_d14p77_t0p8_s2_m1p6,flow,0.05114,0.05347,0.2431,0.2507,0.5708,0.061855,0.01365,0.015674999999999998,0.03488,0.030688,0.2597414509408422,-2.8106044,-0.37024287,OK,1,0.998,1.0012,0.8783,0.9615
ADMS,ADMS_flow_i15p0_d26p89_t0p42_s2_m1p6.stl,,15.0,26.89,0.42,2,1.6,15.019,5058096,1,1,-582,0.26223,14.482,3.7977,0.896,-8.2106,11.75642,-0.60376,6.71555,204.3928,36.5872,0.4214,0.0112,4000,0.14047,1.003,0.36672,0.34161,0.29168,1.25728,0.07504,0.35076,0.3479,0.30134,0.02265,0.968,28.6,OK,ADMS_flow_i15p0_d26p89_t0p42_s2_m1p6,flow,0.0666,0.06874,0.2595,0.08,0.828,0.08410000000000001,0.025975,0.023094999999999997,0.044028,0.034656,0.2632870569163905,-8.6718059,-0.61565464,OK,1,0.996,1.0033,0.9468,0.9807
ADMS,ADMS_raw_i15p0_d42p0_t0p28_s2_m1p6.stl,,15.0,42.0,0.28,2,1.6,15.015,7741816,1,1,-2214,0.26658,21.2462,5.6639,0.897,-20.41917,31.17113,-0.98369,10.96693,274.917,44.8635,0.2826,0.0028,4000,0.0942,1.009,0.34978,0.32769,0.32253,1.0845,0.02725,0.32771,0.33713,0.33515,0.00406,0.98,37.5,OK,ADMS_raw_i15p0_d42p0_t0p28_s2_m1p6,raw,0.0845,0.08706,0.2618,0.0409,1.1188,0.103505,0.03875,0.03546,0.062416,0.044031999999999995,0.2668207682016248,-20.770939,-0.94253361,OK,1,0.9991,1.0093,0.9831,1.0437
ADMS,ADMS_raw_i15p0_d30p93_t0p39_s2_m1p6.stl,,15.0,30.93,0.39,2,1.6,15.014,5749428,1,1,-890,0.27211,15.5274,4.2252,0.887,-10.99561,16.49085,-0.73279,7.65151,223.5713,38.7421,0.3913,0.0053,4000,0.13044,1.003,0.35207,0.32593,0.322,1.0934,0.03007,0.3327,0.33202,0.33529,0.00141,0.97,31.1,OK,ADMS_raw_i15p0_d30p93_t0p39_s2_m1p6,raw,0.08781,0.09014,0.2663,0.0579,1.1837,0.10321,0.042640000000000004,0.037215,0.06366,0.046335999999999995,0.2729487444175264,-11.344503,-0.77995955,OK,1,0.9969,1.0033,0.9692,0.9395
ADMS,ADMS_DF_i15p0_d26p89_t0p42_s2_m1p6.stl,,15.0,26.89,0.42,2,1.6,15.014,5335024,1,1,-730,0.27522,14.5774,4.012,0.863,-9.97428,14.51294,-0.70927,7.16733,231.8815,39.2959,0.4216,0.0099,4000,0.14054,1.004,0.35696,0.32741,0.31564,1.13091,0.04132,0.33629,0.32927,0.33445,0.00297,0.956,30.3,OK,ADMS_DF_i15p0_d26p89_t0p42_s2_m1p6,df,0.08561,0.08879,0.2535,0.0449,0.929,0.103855,0.033780000000000004,0.033035,0.0581,0.041624,0.2760222522424626,-10.513832,-0.77867782,OK,1,0.9971,1.0038,0.9487,0.9109
ADMS,ADMS_DF_5cube_d28p91_r028.stl,,,28.91,,,,15.018,5752456,1,1,-884,0.28102,15.3018,4.3001,0.866,-11.57252,17.35232,-0.78737,7.83592,251.613,41.0417,0.4015,0.0068,4000,0.13383,,0.35007,0.32958,0.32035,1.09276,0.02971,0.33679,0.33629,0.32691,0.00455,0.957,41.1,OK,ADMS_DF_5cube_d28p91_r028,df,0.09119,0.09397,0.2616,0.0423,0.9557,0.109125,0.038805,0.035230000000000004,,,0.28,-12.079301,-0.84612852,OK (legacy),1,1.0036,,0.958,0.9306
ADMS,ADMS_raw_i15p0_d26p89_t0p47_s2_m1p6.stl,,15.0,26.89,0.47,2,1.6,15.013,4948264,1,1,-550,0.2811,12.9599,3.643,0.898,-8.35443,12.79757,-0.66107,6.73635,190.7085,35.8637,0.4713,0.0058,4000,0.1571,1.003,0.34575,0.33117,0.32308,1.07015,0.02267,0.32488,0.33881,0.33632,0.00606,0.965,30.0,OK,ADMS_raw_i15p0_d26p89_t0p47_s2_m1p6,raw,0.08196,0.0846,0.2595,0.0489,1.1705,0.098245,0.037425,0.034620000000000005,0.061064,0.041595999999999994,0.2818663522492036,-8.8146142,-0.7280912,OK,1,0.9973,1.0028,0.9478,0.9079
ADMS,ADMS_flow_i15p0_d30p93_t0p4_s2_m1p6.stl,,15.0,30.93,0.4,2,1.6,15.014,5689976,1,1,-836,0.28202,15.1133,4.2623,0.897,-10.8802,15.6295,-0.75956,7.81949,233.799,38.9724,0.4015,0.0067,4000,0.13383,1.004,0.3554,0.32916,0.31544,1.12671,0.03997,0.33536,0.33638,0.32826,0.00361,0.97,30.8,OK,ADMS_flow_i15p0_d30p93_t0p4_s2_m1p6,flow,0.07625,0.07884,0.2572,0.0631,0.855,0.09625500000000001,0.030775,0.02843,0.051452,0.039056,0.2830333758582391,-11.521922,-0.75751874,OK,1,0.9964,1.0037,0.9443,1.0027
ADMS,ADMS_DF_i15p0_d20p83_t0p6_s2_m1p6.stl,,15.0,20.83,0.6,2,1.6,15.015,4042822,1,1,-296,0.28745,10.5921,3.0447,0.839,-5.41068,6.53578,-0.54438,4.53836,174.2443,33.5784,0.6011,0.0398,4000,0.20037,1.002,0.34853,0.33323,0.31824,1.09516,0.03028,0.33277,0.32728,0.33996,0.00519,0.932,30.7,OK,ADMS_DF_i15p0_d20p83_t0p6_s2_m1p6,df,0.09041,0.0934,0.2584,0.0442,1.0577,0.10479,0.040685,0.038759999999999996,0.06262,0.045939999999999995,0.2884967094390209,-5.9368858,-0.60657246,OK,2,0.9964,1.0018,0.9114,0.8975
ADMS,ADMS_DF_i15p0_d14p77_t0p8_s2_m1p6.stl,,15.0,14.77,0.8,2,1.6,15.011,3138044,1,1,-132,0.29175,8.2387,2.4036,0.787,-3.05811,2.85398,-0.41493,2.96419,137.7948,29.7493,0.8008,0.0833,4000,0.26694,1.001,0.36585,0.33605,0.29811,1.22724,0.06774,0.33948,0.33358,0.32694,0.00512,0.888,34.4,OK,ADMS_DF_i15p0_d14p77_t0p8_s2_m1p6,df,0.08713,0.09028,0.2546,0.0593,0.9875,0.10833,0.03737,0.035665,0.055712000000000005,0.04458,0.2922459870059237,-3.2486116,-0.43624345,OK,2,0.9983,1.001,0.9414,0.9511
ADMS,ADMS_raw_i15p0_d22p85_t0p61_s2_m1p6.stl,,15.0,22.85,0.61,2,1.6,15.012,4087228,1,1,-282,0.29413,10.2153,3.0047,0.87,-4.88081,6.96326,-0.50819,4.73043,145.3783,30.8793,0.611,0.0263,4000,0.20368,1.002,0.35381,0.32915,0.31703,1.11602,0.03678,0.3285,0.33492,0.33657,0.00348,0.95,28.5,OK,ADMS_raw_i15p0_d22p85_t0p61_s2_m1p6,raw,0.09871,0.10094,0.2713,0.0974,1.4067,0.119715,0.0499,0.04332,0.072892,0.050668,0.2949179883358383,-5.118383,-0.56240314,OK,1,0.9973,1.0016,0.9536,0.9036
ADMS,ADMS_DF_i15p0_d30p93_t0p4_s2_m1p6.stl,,15.0,30.93,0.4,2,1.6,15.018,6015148,1,1,-1046,0.29756,15.1742,4.5152,0.872,-12.95443,19.9621,-0.88016,8.52785,252.8629,41.4942,0.4017,0.0059,4000,0.1339,1.004,0.35644,0.32659,0.31697,1.12453,0.03947,0.33306,0.33933,0.32761,0.00479,0.958,32.2,OK,ADMS_DF_i15p0_d30p93_t0p4_s2_m1p6,df,0.09816,0.10119,0.261,0.0453,0.9234,0.12089499999999999,0.040565,0.036555,0.06578,,0.2988,-13.434996,-0.94134646,OK (legacy),2,0.9959,1.0042,0.9642,0.935
ADMS,ADMS_raw_i15p0_d30p93_t0p43_s2_m1p6.stl,,15.0,30.93,0.43,2,1.6,15.014,5711152,1,1,-890,0.29915,14.0571,4.2052,0.883,-11.11719,16.55135,-0.81741,7.66011,219.2902,38.5559,0.4316,0.0076,4000,0.14385,1.004,0.35225,0.32587,0.32187,1.09438,0.03038,0.3327,0.33202,0.33528,0.00141,0.966,33.1,OK,ADMS_raw_i15p0_d30p93_t0p43_s2_m1p6,raw,0.1024,0.10527,0.2646,0.0557,1.1736,0.12016,0.049045,0.04337,0.072372,0.05294,0.2999512244136155,-11.323826,-0.85652108,OK,1,0.9973,1.0037,0.9818,0.9543
ADMS,ADMS_DF_i15p0_d24p87_t0p5_s2_m1p6.stl,,15.0,24.87,0.5,2,1.6,15.013,5015728,0,1,-559,0.30234,12.3635,3.738,0.853,-8.33641,11.74399,-0.70112,6.26522,205.3931,36.8566,0.5013,0.0179,4000,0.16709,1.003,0.34668,0.33041,0.32291,1.07363,0.02378,0.33045,0.33773,0.33182,0.00316,0.947,30.6,OK,ADMS_DF_i15p0_d24p87_t0p5_s2_m1p6,df,0.09778,0.10157,0.2515,0.0467,1.0726,0.11749499999999999,0.043405,0.043144999999999996,0.065856,,0.3034,-8.8009483,-0.78448068,OK (legacy),1,0.9965,1.0026,0.9472,0.8937
ADMS,ADMS_flow_i15p0_d26p89_t0p49_s2_m1p6.stl,,15.0,26.89,0.49,2,1.6,15.021,5009436,1,1,-578,0.30432,12.396,3.7724,0.89,-8.3143,11.81505,-0.71065,6.62684,205.8015,36.6704,0.4913,0.0152,4000,0.16377,1.003,0.36717,0.3417,0.29113,1.26118,0.07604,0.35104,0.34797,0.30099,0.0229,0.962,30.9,OK,ADMS_flow_i15p0_d26p89_t0p49_s2_m1p6,flow,0.08617,0.08919,0.2559,0.0744,0.8543,0.10622999999999999,0.033,0.030335,0.055296,0.043116,0.3054297130760157,-8.7852036,-0.72479814,OK,1,0.9964,1.0027,0.9464,0.9805
ADMS,ADMS_flow_i15p0_d36p0_t0p4_s2_m1p6.stl,,15.0,36.0,0.4,2,1.6,15.017,6533338,1,1,-1324,0.33057,14.8463,4.9078,0.898,-14.90856,21.78476,-1.06348,9.26051,313.7705,44.53,0.4017,0.0145,4000,0.13389,1.004,0.36159,0.32496,0.31346,1.15355,0.04813,0.326,0.3391,0.3349,0.00546,0.97,34.7,OK,ADMS_flow_i15p0_d36p0_t0p4_s2_m1p6,flow,0.10397,0.10731,0.2596,0.0613,0.836,0.13234,0.041185,0.03835,0.068652,0.051996,0.331523826948171,-16.034987,-1.0342375,OK,1,0.9971,1.0042,0.9298,1.0283
ADMS,ADMS_DF_5cube_d20p83_t0p70_s2.stl,,,20.83,0.70,2,,15.018,4011764,1,1,-296,0.33311,9.1173,3.037,0.831,-5.53108,6.96673,-0.64501,4.67862,167.2254,33.1139,0.7012,0.0582,4000,0.23372,1.002,0.34887,0.33324,0.31789,1.09747,0.03098,0.33278,0.32708,0.34013,0.00534,0.921,34.4,OK,ADMS_DF_5cube_d20p83_t0p70_s2,df,0.11576,0.11984,0.2557,0.0387,1.0538,0.13463,0.0509,0.04956000000000001,,,0.3342,-6.0351892,-0.72547409,OK (legacy),1,0.9967,1.0017,0.9165,0.8891
ADMS,ADMS_raw_i15p0_d30p93_t0p5_s2_m1p6.stl,,15.0,30.93,0.5,2,1.6,15.013,5632018,1,1,-890,0.34559,12.041,4.1612,0.874,-11.36204,16.92847,-0.97242,7.66298,218.6119,38.6137,0.5015,0.0156,4000,0.16716,1.003,0.35262,0.32578,0.3216,1.09645,0.03102,0.33275,0.332,0.33525,0.00139,0.959,34.8,OK,ADMS_raw_i15p0_d30p93_t0p5_s2_m1p6,raw,0.13004,0.13391,0.2624,0.0508,1.1565,0.152585,0.060965,0.054845,0.086896,0.064384,0.3464877353303835,-11.40433,-1.0186887,OK,1,0.9974,1.003,0.9963,0.9546
ADMS,ADMS_DF_i15p0_d36p0_t0p4_s2_m1p6.stl,,15.0,36.0,0.4,2,1.6,15.021,7089344,1,1,-1874,0.35497,14.9729,5.3149,0.851,-18.29073,28.1026,-1.25429,10.17493,294.9602,44.9127,0.4019,0.0085,4000,0.13395,1.005,0.34799,0.32669,0.32533,1.06965,0.02266,0.33558,0.33248,0.33194,0.0016,0.947,39.8,OK,ADMS_DF_i15p0_d36p0_t0p4_s2_m1p6,df,0.14141,0.14601,0.259,0.0267,1.0037,0.16734000000000002,0.06193,0.05712,,0.06620000000000001,0.35664518,-18.780367,-1.2931593,OK (no compression CSV),1,0.9953,1.0047,0.9739,0.9699
ADMS,ADMS_DF_i15p0_d24p87_t0p6_s2_m1p6.stl,,15.0,24.87,0.6,2,1.6,15.012,4941812,1,1,-560,0.35976,10.296,3.704,0.841,-8.54952,12.43161,-0.86424,6.45055,197.4299,36.2589,0.6015,0.0361,4000,0.2005,1.002,0.34706,0.33031,0.32264,1.0757,0.02442,0.3304,0.33794,0.33166,0.00329,0.935,34.6,OK,ADMS_DF_i15p0_d24p87_t0p6_s2_m1p6,df,0.13255,0.13765,0.2519,0.0368,1.0615,0.15888,0.05784500000000001,0.05728,0.085392,,0.3607,-8.9394941,-0.94648604,OK (legacy),1,0.9974,1.0025,0.9564,0.9131
ADMS,ADMS_DF_i15p0_d19p39_t0p87_s2_m1p6.stl,,15.0,19.39,0.87,2,1.6,15.013,3488402,1,1,-240,0.36612,7.3451,2.6892,0.808,-5.44768,6.82326,-0.77262,4.65788,171.8762,33.7067,0.8723,0.1029,4000,0.29077,1.003,0.38126,0.31922,0.29952,1.27291,0.08174,0.32067,0.34712,0.3322,0.01083,0.898,37.9,OK,ADMS_DF_i15p0_d19p39_t0p87_s2_m1p6,df,0.11784,0.12458,0.2296,0.0774,0.9564,0.145435,0.038395,0.04646,,0.056091999999999996,0.36716705,-5.7426488,-0.83431238,OK (no compression CSV),1,0.9971,1.0026,0.9486,0.9261
ADMS,ADMS_DF_i15p0_d30p93_t0p5_s2_m1p6.stl,,15.0,30.93,0.5,2,1.6,15.015,5887464,1,1,-1048,0.36859,12.0715,4.4494,0.859,-13.39905,20.68165,-1.13868,8.5952,252.709,41.5719,0.5019,0.0135,4000,0.16732,1.004,0.35716,0.32638,0.31646,1.12859,0.04069,0.33298,0.3395,0.32752,0.0049,0.947,36.6,OK,ADMS_DF_i15p0_d30p93_t0p5_s2_m1p6,df,0.14035,0.14506,0.2578,0.0378,0.9422,0.17126000000000002,0.057460000000000004,0.05311,0.088276,,0.3695,-13.767169,-1.2336269,OK (legacy),1,0.9975,1.0038,0.9733,0.923
ADMS,ADMS_flow_i15p0_d20p14_t0p85_s2_m1p6.stl,,15.0,20.14,0.85,2,1.6,15.011,3527436,1,1,-198,0.37254,7.2428,2.6983,0.868,-4.36784,6.33387,-0.68856,4.78911,152.7752,30.9508,0.8542,0.0469,4000,0.28474,1.005,0.36682,0.34202,0.29117,1.25981,0.07565,0.29936,0.35735,0.34329,0.0247,0.935,32.9,OK,ADMS_flow_i15p0_d20p14_t0p85_s2_m1p6,flow,0.11061,0.11626,0.2369,0.1335,0.7897,0.153525,0.035165,0.041085,0.068292,0.05528,0.37322494,-4.9390172,-0.71554037,OK,1,0.9982,1.0049,0.8844,0.9623
ADMS,ADMS_raw_i15p0_d46p2_t0p36_s2_m1p6.stl,,15.0,46.2,0.36,2,1.6,15.014,8273256,1,1,-2984,0.37417,16.2197,6.069,0.881,-26.1034,37.74712,-1.62323,11.86675,341.742,48.3348,0.3619,0.004,4000,0.12063,1.005,0.3476,0.33004,0.32236,1.07829,0.02524,0.33205,0.33404,0.33391,0.00091,0.971,34.9,OK,ADMS_raw_i15p0_d46p2_t0p36_s2_m1p6,raw,0.15174,0.15657,0.2599,0.0377,1.1209,0.18161000000000002,0.06878999999999999,0.064155,0.102508,0.07352,0.37496755,-26.46271,-1.5898106,OK,1,0.9979,1.0053,0.9864,1.021
ADMS,ADMS_DF_i15p0_d20p83_t0p8_s1_m1p6.stl,,15.0,20.83,0.8,1,1.6,15.024,3968056,1,1,-300,0.37763,7.9956,3.0193,0.821,-5.68151,7.43844,-0.75045,4.83313,164.8915,33.0082,0.8013,0.0791,4000,0.2671,1.002,0.34926,0.33325,0.31749,1.10006,0.03177,0.33274,0.32692,0.34034,0.00549,0.91,40.4,OK,ADMS_DF_i15p0_d20p83_t0p8_s1_m1p6,df,0.1432,0.14849,0.2537,0.0347,1.0479,0.167115,0.06182000000000001,0.06115,,,0.379,-6.118515,-0.81686984,OK (legacy),1,0.9964,1.0016,0.9286,0.9187
ADMS,ADMS_raw_i15p0_d30p93_t0p55_s2_m1p6.stl,,15.0,30.93,0.55,2,1.6,15.012,5565916,1,1,-890,0.37816,10.8991,4.1216,0.867,-11.57126,17.22144,-1.09053,7.7513,227.9485,39.2595,0.5517,0.021,4000,0.18389,1.003,0.35292,0.32569,0.32139,1.09811,0.03153,0.33278,0.332,0.33522,0.00137,0.954,36.2,OK,ADMS_raw_i15p0_d30p93_t0p55_s2_m1p6,raw,0.15138,0.15607,0.2609,0.0476,1.1427,0.177165,0.069885,0.06364,0.097916,0.072768,0.3789829110572379,-11.492535,-1.1595729,OK,1,0.9978,1.0031,1.0069,0.9405
ADMS,ADMS_DF_i15p0_d39p6_t0p41_s2_m1p6.stl,,15.0,39.6,0.41,2,1.6,15.025,7407520,1,1,-2222,0.37826,14.7102,5.5642,0.846,-21.40117,32.64988,-1.47234,10.97334,316.501,46.7338,0.4082,0.0089,4000,0.13608,0.996,0.35509,0.32679,0.31812,1.11619,0.03696,0.32688,0.33886,0.33427,0.00493,0.945,32.3,OK,ADMS_DF_i15p0_d39p6_t0p41_s2_m1p6,df,0.15914,0.16403,0.2612,0.0316,0.9758,0.201885,0.06783,0.062095000000000004,,0.07473199999999999,0.37965663,-22.017309,-1.5101374,OK (no compression CSV),1,0.9963,0.9956,0.972,0.975
ADMS,ADMS_raw_i15p0_d36p28_t0p47_s2_m1p6.stl,,15.0,36.28,0.47,2,1.6,15.013,6466968,1,1,-1412,0.37831,12.6273,4.7771,0.873,-15.82064,23.98791,-1.28418,9.35916,265.4167,42.7341,0.4708,0.0142,4000,0.15694,1.002,0.35386,0.32912,0.31702,1.11621,0.03684,0.3305,0.3432,0.3263,0.00718,0.961,31.2,OK,ADMS_raw_i15p0_d36p28_t0p47_s2_m1p6,raw,0.1484,0.15348,0.2569,0.0381,1.101,0.17342500000000002,0.06379,0.06045,0.098964,0.071924,0.37920737,-15.905827,-1.2954625,OK,1,0.9976,1.0017,0.9946,0.9913
ADMS,ADMS_raw_i15p0_d25p77_t0p68_s2_m1p6.stl,,15.0,25.77,0.68,2,1.6,15.012,4582336,1,1,-502,0.38448,8.8838,3.4156,0.876,-8.4218,12.92429,-0.96926,6.73929,193.3601,35.9906,0.6826,0.0193,4000,0.22754,1.004,0.35132,0.33124,0.31743,1.10676,0.03389,0.32672,0.33922,0.33406,0.00513,0.946,30.2,OK,ADMS_raw_i15p0_d25p77_t0p68_s2_m1p6,raw,0.14127,0.14678,0.2512,0.0389,1.0948,0.16646999999999998,0.0582,0.058685,0.09142,0.06816,0.38524491,-8.820745,-1.0488218,OK,1,0.998,1.0038,0.9548,0.9241
ADMS,ADMS_flow_i15p0_d42p0_t0p4_s2_m1p6.stl,,15.0,42.0,0.4,2,1.6,15.015,7533560,1,1,-2050,0.38688,14.5844,5.6424,0.893,-19.99948,28.64702,-1.47268,10.69743,433.7679,50.7869,0.4019,0.0153,4000,0.13398,1.005,0.36021,0.32627,0.31352,1.14893,0.04669,0.33325,0.32968,0.33707,0.00302,0.968,42.4,OK,ADMS_flow_i15p0_d42p0_t0p4_s2_m1p6,flow,0.14055,0.14558,0.2551,0.0495,0.8904,0.18126,0.05639,0.05367,0.08907599999999999,0.067496,0.3876007383316258,-21.70274,-1.4445566,OK,1,0.9981,1.0047,0.9215,1.0195
ADMS,ADMS_flow_i15p0_d55p0_t0p3_s2_m1p6.stl,,15.0,55.0,0.3,2,1.6,15.022,9960212,1,1,-4736,0.38827,19.0905,7.4123,0.896,-34.08075,44.55927,-1.90621,13.69135,641.4115,61.2838,0.3037,0.0116,4000,0.10124,1.012,0.36791,0.32033,0.31175,1.18014,0.05616,0.338,0.32834,0.33365,0.00395,0.976,40.1,OK,ADMS_flow_i15p0_d55p0_t0p3_s2_m1p6,flow,0.15019,0.15527,0.2574,0.0435,0.9229,0.186605,0.06172,0.058505,0.096068,0.071852,0.3889406,-36.447456,-1.8798549,OK,1,0.9983,1.0123,0.9351,1.014
ADMS,ADMS_flow_i15p0_d21p2_t0p85_s2_m1p6.stl,,15.0,21.2,0.85,2,1.6,15.011,3675728,1,1,-232,0.38969,7.2203,2.8137,0.867,-4.95131,7.26834,-0.75979,5.11624,164.7847,32.3041,0.8514,0.0418,4000,0.28381,1.002,0.3598,0.33887,0.30133,1.19402,0.05847,0.35971,0.30954,0.33075,0.02056,0.935,34.7,OK,ADMS_flow_i15p0_d21p2_t0p85_s2_m1p6,flow,0.12863,0.13367,0.251,0.0899,0.8158,0.155235,0.045335,0.044480000000000006,0.076944,0.061856,0.39034974,-5.4904912,-0.78321537,OK,1,0.9983,1.0016,0.9018,0.9701
ADMS,ADMS_raw_i15p0_d36p86_t0p49_s2_m1p6.stl,,15.0,36.86,0.49,2,1.6,15.013,6395320,1,1,-1420,0.38975,12.1446,4.7334,0.872,-16.12932,23.91785,-1.35423,9.34777,278.5295,43.3793,0.4878,0.0137,4000,0.16259,0.995,0.35138,0.32791,0.32071,1.09564,0.03067,0.32923,0.34019,0.33058,0.00488,0.96,35.8,OK,ADMS_raw_i15p0_d36p86_t0p49_s2_m1p6,raw,0.15821,0.16346,0.2583,0.0327,1.0919,0.188455,0.069465,0.06535,0.10372400000000001,0.076352,0.39054539,-16.191784,-1.3733036,OK,1,0.998,0.9955,0.9961,0.9861
ADMS,ADMS_raw_i15p0_d46p2_t0p38_s2_m1p6.stl,,15.0,46.2,0.38,2,1.6,15.014,8202896,1,1,-2972,0.39368,15.293,6.0205,0.878,-26.29697,38.05207,-1.7332,11.92355,366.9346,49.6994,0.382,0.0063,4000,0.12733,1.005,0.34775,0.32999,0.32226,1.07912,0.0255,0.33204,0.33403,0.33393,0.00091,0.969,35.2,OK,ADMS_raw_i15p0_d46p2_t0p38_s2_m1p6,raw,0.16515,0.17051,0.2591,0.0365,1.1162,0.1974,0.07435,0.069715,0.109852,0.079056,0.39444557,-26.759874,-1.6882709,OK,1,0.9981,1.0053,0.9827,1.0266
ADMS,ADMS_DF_i15p0_d39p6_t0p43_s2_m1p6.stl,,15.0,39.6,0.43,2,1.6,15.025,7347080,0,1,-2227,0.39734,13.9075,5.5261,0.844,-21.64437,32.78756,-1.57021,11.00743,331.5216,47.5217,0.4302,0.012,4000,0.14341,1.001,0.35532,0.32672,0.31797,1.11746,0.03735,0.3268,0.3389,0.33429,0.00499,0.942,32.7,OK,ADMS_DF_i15p0_d39p6_t0p43_s2_m1p6,df,0.17266,0.17809,0.2604,0.0296,0.9774,0.21811,0.073205,0.06747,,0.0803,0.39893668,-22.263118,-1.6234125,OK (no compression CSV),1,0.996,1.0005,0.9722,0.9672
ADMS,ADMS_DF_i15p0_d20p83_t0p85_s2_m1p6.stl,,15.0,20.83,0.85,2,1.6,15.016,3939888,1,1,-306,0.40118,7.5009,3.0092,0.816,-5.76897,7.65608,-0.81029,4.92488,168.1829,33.331,0.8543,0.0884,4000,0.28477,1.005,0.34927,0.33372,0.31701,1.10177,0.03226,0.3324,0.32712,0.34048,0.0055,0.904,34.5,OK,ADMS_DF_i15p0_d20p83_t0p85_s2_m1p6,df,0.15837,0.16432,0.2529,0.0328,1.0447,0.185,0.06775,0.06746,0.098324,0.0714,0.40230128,-6.1630652,-0.88612161,OK,1,0.9972,1.0051,0.9361,0.9144
ADMS,ADMS_flow_i15p0_d55p0_t0p32_s2_m1p6.stl,,15.0,55.0,0.32,2,1.6,15.027,9871572,1,1,-4634,0.40603,18.1034,7.3504,0.894,-33.67771,44.38087,-2.00876,13.64062,694.0982,62.7611,0.3183,0.0093,4000,0.1061,0.995,0.36812,0.32025,0.31164,1.18125,0.05648,0.33802,0.32833,0.33365,0.00396,0.974,40.4,OK,ADMS_flow_i15p0_d55p0_t0p32_s2_m1p6,flow,0.16174,0.16738,0.2562,0.0426,0.9268,0.20027999999999999,0.066,0.06316,0.101852,0.076156,0.40694608,-36.518106,-1.9764156,OK,1,0.9977,0.9947,0.9222,1.0164
ADMS,ADMS_raw_i15p0_d27p52_t0p67_s2_m1p6.stl,,15.0,27.52,0.67,2,1.6,15.011,4980600,1,1,-596,0.40724,9.0246,3.6752,0.875,-9.17751,14.71521,-1.03386,7.27313,191.5807,36.1298,0.6697,0.0195,4000,0.22324,1.0,0.34572,0.32841,0.32586,1.06095,0.01986,0.33155,0.33855,0.3299,0.00375,0.947,31.6,OK,ADMS_raw_i15p0_d27p52_t0p67_s2_m1p6,raw,0.17024,0.17529,0.2626,0.0652,1.2461,0.20312000000000002,0.07911,0.072405,0.11304,0.07668000000000001,0.40806898,-9.6133361,-1.1118628,OK,1,0.998,0.9996,0.9547,0.9298
ADMS,ADMS_raw_i15p0_d46p2_t0p4_s2_m1p6.stl,,15.0,46.2,0.4,2,1.6,15.014,8129120,1,1,-2956,0.41207,14.4906,5.9712,0.874,-26.45936,38.15306,-1.84045,11.97272,394.0739,51.1448,0.4011,0.0074,4000,0.13371,1.003,0.34789,0.32996,0.32215,1.07991,0.02574,0.33203,0.33404,0.33393,0.00093,0.967,35.3,OK,ADMS_raw_i15p0_d46p2_t0p4_s2_m1p6,raw,0.17825,0.18408,0.2588,0.0353,1.1122,0.21295999999999998,0.07988,0.075075,0.11669199999999999,0.084544,0.41281274,-26.772172,-1.7916579,OK,1,0.9982,1.0028,0.9883,1.0272
ADMS,ADMS_flow_i15p0_d22p26_t0p85_s2_m1p6.stl,,15.0,22.26,0.85,2,1.6,15.011,3850836,1,1,-270,0.41208,7.1712,2.9551,0.863,-5.20045,8.24204,-0.84021,5.53647,189.4719,34.0544,0.8486,0.0469,4000,0.28285,0.998,0.35423,0.32548,0.32029,1.10596,0.03394,0.3249,0.34467,0.33043,0.00833,0.933,35.8,OK,ADMS_flow_i15p0_d22p26_t0p85_s2_m1p6,flow,0.13601,0.14231,0.2425,0.0882,0.8227,0.17168,0.04402999999999999,0.048235,0.077888,0.06520000000000001,0.41298223,-6.0120012,-0.85683084,OK,1,0.9978,0.9984,0.865,0.9806
ADMS,ADMS_DF_i15p0_d21p56_t0p86_s2_m1p6.stl,,15.0,21.56,0.86,2,1.6,15.015,3929444,1,1,-334,0.41322,7.2381,2.9909,0.829,-6.39345,8.97848,-0.92296,5.43306,182.0767,34.2627,0.8665,0.0881,4000,0.28882,1.008,0.35346,0.3391,0.30744,1.14969,0.04602,0.31067,0.33775,0.35158,0.01699,0.909,35.5,OK,ADMS_DF_i15p0_d21p56_t0p86_s2_m1p6,df,0.16511,0.1717,0.2501,0.0677,1.076,0.20626999999999998,0.071105,0.07301,0.106188,0.07485599999999999,0.41429542,-6.7655286,-0.99356186,OK,1,0.9974,1.0076,0.945,0.9289
ADMS,ADMS_DF_i15p0_d24p87_t0p7_s2_m1p6.stl,,15.0,24.87,0.7,2,1.6,15.012,4846118,1,1,-560,0.41542,8.7945,3.6534,0.829,-8.81686,13.12338,-1.03968,6.65144,202.6604,36.8454,0.7017,0.0548,4000,0.23389,1.002,0.34744,0.33021,0.32235,1.07784,0.02509,0.33045,0.33794,0.33161,0.00329,0.923,42.3,OK,ADMS_DF_i15p0_d24p87_t0p7_s2_m1p6,df,0.17074,0.17729,0.252,0.0303,1.0491,0.204355,0.07364,0.07275999999999999,0.104312,,0.4164,-9.2053758,-1.1362022,OK (legacy),1,0.9976,1.0024,0.9578,0.915
ADMS,ADMS_DF_i15p0_d39p6_t0p45_s2_m1p6.stl,,15.0,39.6,0.45,2,1.6,15.028,7282396,1,1,-2230,0.41618,13.1809,5.4856,0.841,-21.86612,32.83872,-1.67134,11.03937,353.2141,48.6372,0.4522,0.0145,4000,0.15072,1.005,0.35556,0.32663,0.31781,1.11876,0.03775,0.32677,0.33896,0.33427,0.00502,0.939,34.4,OK,ADMS_DF_i15p0_d39p6_t0p45_s2_m1p6,df,0.18632,0.19227,0.2597,0.0288,0.9787,0.23482,0.078675,0.072875,,0.085556,0.41780834,-22.52217,-1.7345647,OK (no compression CSV),1,0.9961,1.0049,0.9709,0.9636
ADMS,ADMS_raw_i15p0_d30p93_t0p62_s2_m1p6.stl,,15.0,30.93,0.62,2,1.6,15.012,5455972,1,1,-866,0.4227,9.5912,4.0543,0.857,-11.55998,17.47223,-1.26311,7.84754,253.5181,40.9441,0.6217,0.0313,4000,0.20724,1.003,0.35335,0.32564,0.321,1.10079,0.03235,0.33289,0.33195,0.33516,0.00135,0.946,39.3,OK,ADMS_raw_i15p0_d30p93_t0p62_s2_m1p6,raw,0.18323,0.18917,0.2592,0.0433,1.125,0.213965,0.08302,0.076585,0.113088,0.084892,0.4233369160014871,-11.726526,-1.3104942,OK,1,0.9985,1.0027,0.9858,0.9638
ADMS,ADMS_flow_i15p0_d55p0_t0p33_s2_m1p6.stl,,15.0,55.0,0.33,2,1.6,15.027,9779840,1,1,-4516,0.42373,17.1942,7.2858,0.892,-33.22206,44.35378,-2.11183,13.63895,753.411,64.3748,0.3331,0.0119,4000,0.11102,1.009,0.36835,0.32017,0.31148,1.18256,0.05686,0.33802,0.32831,0.33366,0.00397,0.972,43.2,OK,ADMS_flow_i15p0_d55p0_t0p33_s2_m1p6,flow,0.17395,0.18016,0.2551,0.0414,0.9314,0.21468,0.07054,0.068115,0.108276,0.08147599999999999,0.42480562,-36.459244,-2.0717474,OK,1,0.9975,1.0094,0.9112,1.0193
ADMS,ADMS_flow_i15p0_d46p0_t0p4_s2_m1p6.stl,,15.0,46.0,0.4,2,1.6,15.02,8165932,1,1,-2614,0.42604,14.3424,6.1105,0.887,-23.09266,33.45079,-1.78498,11.70947,592.6705,57.4486,0.4019,0.0149,4000,0.13398,1.005,0.35581,0.32713,0.31706,1.1222,0.03875,0.33653,0.33823,0.32524,0.00577,0.967,45.2,OK,ADMS_flow_i15p0_d46p0_t0p4_s2_m1p6,flow,0.17127,0.17747,0.2546,0.0447,0.9361,0.208035,0.06722500000000001,0.064395,0.105372,0.080668,0.4273695438335787,-25.603222,-1.7396871,OK,1,0.9969,1.0047,0.9019,1.026
ADMS,ADMS_DF_i15p0_d30p22_t0p59_s2_m1p6.stl,,15.0,30.22,0.59,2,1.6,15.02,5774300,1,1,-1078,0.42649,10.2239,4.3604,0.841,-13.84211,20.96117,-1.38449,8.66484,279.4881,43.0161,0.5909,0.0335,4000,0.19697,1.002,0.36025,0.32543,0.31432,1.14612,0.04593,0.33305,0.3275,0.33946,0.00489,0.93,32.1,OK,ADMS_DF_i15p0_d30p22_t0p59_s2_m1p6,df,0.18503,0.1917,0.2548,0.0327,1.01,0.227045,0.075,0.0729,0.113204,0.080016,0.42747307,-14.269707,-1.4794695,OK,1,0.9977,1.0015,0.97,0.9358
ADMS,ADMS_DF_i9p0_d20p83_t0p8_s1_m1p6.stl,,9.0,20.83,0.8,1,1.6,9.011,993204,1,1,-84,0.429,8.1304,3.488,0.81,-6.04501,8.31855,-0.84622,5.17564,181.3135,34.5086,0.8012,0.0907,4000,0.26706,1.001,0.36695,0.32219,0.31086,1.18047,0.0561,0.3131,0.36344,0.32346,0.0217,0.886,22.8,OK,ADMS_DF_i9p0_d20p83_t0p8_s1_m1p6,df,0.15857,0.16682,0.2357,0.0984,1.1581,0.185805,0.058065,0.06379,0.091324,0.06476000000000001,0.4303844026684285,-6.3731029,-0.9384059,OK,1,0.9968,1.0015,0.9485,0.9018
ADMS,ADMS_raw_i15p0_d36p0_t0p55_s2_m1p6.stl,,15.0,36.0,0.55,2,1.6,15.013,6148548,1,1,-1290,0.43053,10.6092,4.5676,0.879,-15.69182,24.10413,-1.53707,9.57084,318.9084,45.2698,0.5521,0.0154,4000,0.18402,1.004,0.34793,0.33155,0.32051,1.08554,0.02742,0.33765,0.32774,0.33461,0.00415,0.956,46.6,OK,ADMS_raw_i15p0_d36p0_t0p55_s2_m1p6,raw,0.18386,0.1904,0.2553,0.0275,1.0615,0.217345,0.07658000000000001,0.074105,0.11656799999999999,0.08506,0.4313504968850673,-16.548452,-1.5513919,OK,1,0.9981,1.0038,0.9482,0.9908
ADMS,ADMS_raw_i15p0_d46p2_t0p42_s2_m1p6.stl,,15.0,46.2,0.42,2,1.6,15.014,8046324,1,1,-2938,0.43117,13.7194,5.9154,0.871,-26.63579,38.12256,-1.95713,11.99585,430.9637,52.9684,0.4212,0.0088,4000,0.14041,1.003,0.34803,0.32993,0.32204,1.08072,0.02599,0.33202,0.33406,0.33392,0.00093,0.964,35.7,OK,ADMS_raw_i15p0_d46p2_t0p42_s2_m1p6,raw,0.19278,0.1992,0.2581,0.0337,1.1063,0.23038,0.08579,0.08101000000000001,0.124444,0.090832,0.43174227,-27.120842,-1.8971502,OK,1,0.9987,1.0029,0.9821,1.0316
ADMS,ADMS_flow_i15p0_d23p31_t0p84_s2_m1p6.stl,,15.0,23.31,0.84,2,1.6,15.021,4059772,1,1,-320,0.43422,7.163,3.1104,0.853,-5.88485,9.29189,-0.94947,5.88077,237.3767,36.8222,0.8456,0.0661,4000,0.28187,1.007,0.37105,0.3237,0.30525,1.21555,0.0658,0.31978,0.35691,0.32331,0.01673,0.928,36.5,OK,ADMS_flow_i15p0_d23p31_t0p84_s2_m1p6,flow,0.15589,0.16318,0.2419,0.1413,0.8971,0.21579,0.052750000000000005,0.05593,0.089988,0.07069199999999999,0.43564389,-6.6945228,-0.96744104,OK,1,0.9967,1.0067,0.8791,0.9814
ADMS,ADMS_DF_i15p0_d39p6_t0p47_s2_m1p6.stl,,15.0,39.6,0.47,2,1.6,15.026,7214588,1,1,-2230,0.43464,12.5162,5.44,0.839,-22.03657,32.9339,-1.77545,11.05638,377.6569,49.9892,0.4741,0.0198,4000,0.15804,1.009,0.35584,0.32655,0.31761,1.12034,0.03822,0.32666,0.33906,0.33428,0.0051,0.936,36.1,OK,ADMS_DF_i15p0_d39p6_t0p47_s2_m1p6,df,0.20047,0.20699,0.2591,0.0278,0.9796,0.252015,0.08425,0.07851,,0.091188,0.43649233,-22.933513,-1.8540346,OK (no compression CSV),1,0.9958,1.0087,0.9609,0.9576
ADMS,ADMS_raw_i15p0_d29p86_t0p67_s2_m1p6.stl,,15.0,29.86,0.67,2,1.6,15.012,5204660,1,1,-712,0.43595,8.8567,3.8611,0.849,-9.96262,15.61794,-1.21826,7.48858,247.5459,39.9545,0.6756,0.0406,4000,0.22521,1.008,0.35452,0.3278,0.31768,1.11596,0.03684,0.33853,0.33049,0.33099,0.00368,0.941,33.0,OK,ADMS_raw_i15p0_d29p86_t0p67_s2_m1p6,raw,0.18819,0.19478,0.256,0.0458,1.1486,0.217725,0.08292999999999999,0.07844999999999999,0.114996,0.085036,0.4368948,-10.553053,-1.2727952,OK,1,0.9978,1.0084,0.9441,0.9572
ADMS,ADMS_DF_i15p0_d30p93_t0p6_s2_m1p6.stl,,15.0,30.93,0.6,2,1.6,15.014,5717486,1,1,-1048,0.43649,9.9528,4.3443,0.845,-13.90104,21.39308,-1.42615,8.81989,294.5744,43.9433,0.6021,0.0269,4000,0.20071,1.004,0.3581,0.32608,0.31581,1.1339,0.04229,0.33301,0.33966,0.32733,0.00504,0.934,39.5,OK,ADMS_DF_i15p0_d30p93_t0p6_s2_m1p6,df,0.18862,0.19529,0.2556,0.0312,0.9536,0.2298,0.076655,0.072185,0.112872,,0.4377,-14.363977,-1.5459081,OK (legacy),2,0.9972,1.0035,0.9678,0.9225
ADMS,ADMS_DF_i15p0_d39p6_t0p49_s2_m1p6.stl,,15.0,39.6,0.49,2,1.6,15.031,7142276,1,1,-2214,0.45268,11.9035,5.3885,0.836,-22.07625,33.01895,-1.88347,11.08479,415.5879,51.7684,0.4962,0.0232,4000,0.1654,1.013,0.35611,0.32647,0.31742,1.12187,0.03868,0.32658,0.33913,0.33429,0.00517,0.933,34.1,OK,ADMS_DF_i15p0_d39p6_t0p49_s2_m1p6,df,0.21487,0.22192,0.2587,0.0262,0.9806,0.26926500000000003,0.09009,0.08419499999999999,,0.096124,0.45511199,-23.086752,-1.9614654,OK (no compression CSV),1,0.9947,1.0127,0.9562,0.9602
ADMS,ADMS_flow_i15p0_d50p0_t0p4_s2_m1p6.stl,,15.0,50.0,0.4,2,1.6,15.017,8612310,1,1,-3168,0.45733,14.0833,6.4407,0.885,-27.04388,38.09121,-2.14623,12.62805,828.2945,65.5092,0.4022,0.0188,4000,0.13407,1.005,0.35709,0.32311,0.3198,1.1166,0.03729,0.32743,0.33581,0.33676,0.00419,0.966,46.9,OK,ADMS_flow_i15p0_d50p0_t0p4_s2_m1p6,flow,0.19473,0.20189,0.2539,0.0345,0.9225,0.24229,0.07718,0.075055,0.11823600000000001,0.08873600000000001,0.4582950799398958,-30.793525,-2.100494,OK,1,0.9979,1.0055,0.8782,1.0218
ADMS,ADMS_flow_i15p0_d55p0_t0p36_s2_m1p6.stl,,15.0,55.0,0.36,2,1.6,15.021,9570146,1,1,-4348,0.45976,15.5211,7.136,0.887,-32.81388,44.48586,-2.32803,13.70807,898.4097,68.4259,0.364,0.0152,4000,0.12132,1.011,0.36882,0.32005,0.31113,1.18544,0.0577,0.33806,0.32832,0.33362,0.00398,0.969,40.5,OK,ADMS_flow_i15p0_d55p0_t0p36_s2_m1p6,flow,0.19958,0.20698,0.2535,0.0394,0.9385,0.245285,0.08022,0.078455,0.12106,0.09176000000000001,0.46133789,-36.486514,-2.2907778,OK,1,0.9966,1.0111,0.8993,1.0163
ADMS,ADMS_raw_i15p0_d42p0_t0p5_s2_m1p6.stl,,15.0,42.0,0.5,2,1.6,15.013,7138220,1,1,-2086,0.46025,11.4561,5.2727,0.864,-21.38133,31.82782,-1.94732,10.97319,446.9009,52.5456,0.502,0.0166,4000,0.16734,1.004,0.35134,0.32727,0.32139,1.09321,0.02996,0.32697,0.33763,0.33541,0.00459,0.957,39.0,OK,ADMS_raw_i15p0_d42p0_t0p5_s2_m1p6,raw,0.21033,0.21787,0.255,0.032,1.082,0.25603000000000004,0.09115000000000001,0.08741,0.12962,0.096316,0.4610593674776092,-22.37488,-1.9034105,OK,1,0.9982,1.004,0.9556,1.0231
ADMS,ADMS_raw_i15p0_d39p2_t0p55_s2_m1p6.stl,,15.0,39.2,0.55,2,1.6,15.012,6538404,1,1,-1570,0.46099,10.4961,4.8386,0.858,-17.58766,26.97219,-1.83022,10.07626,444.8706,51.6324,0.55,0.0229,4000,0.18333,1.0,0.35561,0.32589,0.3185,1.11651,0.03711,0.33499,0.33384,0.33117,0.0016,0.952,34.5,OK,ADMS_raw_i15p0_d39p2_t0p55_s2_m1p6,raw,0.21481,0.222,0.2579,0.0357,1.0976,0.261235,0.09346,0.08837,0.130516,0.09572,0.46160332,-18.729671,-1.7929263,OK,1,0.9987,1.0,0.939,1.0208
ADMS,ADMS_flow_i15p0_d24p37_t0p84_s2_m1p6.stl,,15.0,24.37,0.84,2,1.6,15.014,4281870,1,1,-378,0.4627,7.0924,3.2817,0.858,-6.82319,11.148,-1.11864,6.50624,279.0393,39.5428,0.8429,0.0486,4000,0.28095,1.003,0.36115,0.33389,0.30496,1.18425,0.05619,0.32765,0.33723,0.33512,0.00411,0.93,39.8,OK,ADMS_flow_i15p0_d24p37_t0p84_s2_m1p6,flow,0.18385,0.19133,0.2492,0.0591,0.8466,0.22954,0.066835,0.06876,0.105656,0.08190399999999999,0.46363407,-7.7821004,-1.1449771,OK,1,0.998,1.0035,0.8768,0.977
ADMS,ADMS_raw_i15p0_d31p02_t0p68_s2_m1p6.stl,,15.0,31.02,0.68,2,1.6,15.012,5415220,1,1,-874,0.46274,8.699,4.0254,0.849,-11.87862,18.21555,-1.44235,8.11641,298.7094,43.464,0.6778,0.0381,4000,0.22595,0.997,0.34847,0.33052,0.32101,1.08554,0.02746,0.3299,0.33649,0.33361,0.0027,0.941,34.8,OK,ADMS_raw_i15p0_d31p02_t0p68_s2_m1p6,raw,0.21111,0.21833,0.257,0.0408,1.1315,0.24859,0.09263,0.08694,0.127352,0.094808,0.46346301,-12.310958,-1.4685731,OK,1,0.9984,0.9968,0.9649,0.9821
ADMS,ADMS_DF_i15p0_d30p94_t0p63_s2_m1p6.stl,,15.0,30.94,0.63,2,1.6,15.027,5737404,1,1,-1090,0.46345,9.3976,4.3553,0.838,-14.10472,21.70049,-1.5434,8.8922,321.5964,45.265,0.634,0.0367,4000,0.21135,1.006,0.35779,0.32627,0.31594,1.13247,0.04185,0.33908,0.33066,0.33025,0.00407,0.927,33.8,OK,ADMS_DF_i15p0_d30p94_t0p63_s2_m1p6,df,0.21293,0.22053,0.2552,0.0274,0.9712,0.258065,0.08486,0.081555,0.124304,0.0911,0.46509156,-14.767456,-1.6545371,OK,1,0.9965,1.0063,0.9551,0.9328
ADMS,ADMS_raw_i15p0_d46p2_t0p46_s2_m1p6.stl,,15.0,46.2,0.46,2,1.6,15.013,7871112,1,1,-2796,0.46757,12.3935,5.7949,0.863,-25.98335,38.07222,-2.19138,12.03663,530.4966,57.0925,0.4602,0.0143,4000,0.15339,1.0,0.34828,0.32993,0.32179,1.08231,0.02649,0.33202,0.3341,0.33389,0.00093,0.959,36.8,OK,ADMS_raw_i15p0_d46p2_t0p46_s2_m1p6,raw,0.22153,0.22898,0.2577,0.031,1.0972,0.26477,0.09784000000000001,0.09261,0.13903200000000002,0.101764,0.46802226,-26.990146,-2.0987361,OK,1,0.999,1.0004,0.9627,1.0441
ADMS,ADMS_DF_i15p0_d24p87_t0p8_s2_m1p6.stl,,15.0,24.87,0.8,2,1.6,15.011,4727388,1,1,-558,0.46916,7.6435,3.586,0.816,-9.04973,13.61928,-1.2327,6.84596,233.7926,38.7397,0.8017,0.0732,4000,0.26723,1.002,0.34793,0.33019,0.32188,1.08092,0.02605,0.33022,0.33814,0.33164,0.00345,0.909,46.6,OK,ADMS_DF_i15p0_d24p87_t0p8_s2_m1p6,df,0.2118,0.21989,0.2522,0.026,1.0386,0.25366,0.090755,0.08949,0.124112,,0.4701,-9.4028686,-1.3215502,OK (legacy),1,0.998,1.0021,0.9624,0.9328
ADMS,ADMS_DF_i15p0_d39p6_t0p52_s2_m1p6.stl,,15.0,39.6,0.52,2,1.6,15.027,7065594,1,1,-2188,0.47116,11.3356,5.3409,0.833,-22.09277,33.06555,-1.99325,11.13958,463.338,53.8412,0.5182,0.0257,4000,0.17273,0.996,0.35642,0.32635,0.31723,1.12352,0.03918,0.32651,0.33914,0.33435,0.00521,0.93,34.7,OK,ADMS_DF_i15p0_d39p6_t0p52_s2_m1p6,df,0.23003,0.23767,0.2582,0.0251,0.9815,0.28763500000000003,0.09616,0.09025,,0.09994,0.47307625,-23.352642,-2.0700133,OK (no compression CSV),1,0.9959,0.9965,0.9461,0.9629
ADMS,ADMS_flow_i15p0_d55p0_t0p38_s2_m1p6.stl,,15.0,55.0,0.38,2,1.6,15.023,9459888,1,1,-4222,0.477,14.791,7.0553,0.885,-32.29584,44.54647,-2.43546,13.76114,972.0653,70.6142,0.3791,0.0166,4000,0.12637,0.998,0.36906,0.31998,0.31096,1.18683,0.0581,0.3381,0.32831,0.3336,0.004,0.967,40.9,OK,ADMS_flow_i15p0_d55p0_t0p38_s2_m1p6,flow,0.2128,0.22081,0.2528,0.0384,0.942,0.26083,0.085185,0.083735,0.127692,0.09706000000000001,0.47855353,-36.450485,-2.3847776,OK,1,0.9968,0.9976,0.886,1.0213
ADMS,ADMS_flow_i15p0_d24p37_t0p88_s2_m1p6.stl,,15.0,24.37,0.88,2,1.6,15.019,4235840,1,1,-368,0.48073,6.7628,3.2511,0.853,-6.74154,11.14925,-1.16936,6.53598,303.0605,40.5013,0.8799,0.0491,4000,0.29329,1.0,0.36127,0.33397,0.30476,1.18542,0.05651,0.32762,0.3372,0.33519,0.00412,0.926,43.0,OK,ADMS_flow_i15p0_d24p37_t0p88_s2_m1p6,flow,0.19768,0.20582,0.2486,0.057,0.853,0.24633,0.07188,0.074215,0.110764,0.087432,0.48174902,-7.8940576,-1.1909089,OK,1,0.9979,0.9999,0.854,0.9819
ADMS,ADMS_DF_i15p0_d24p44_t0p87_s2_m1p6.stl,,15.0,24.44,0.87,2,1.6,15.019,4469264,1,1,-490,0.48246,7.0809,3.4162,0.806,-8.26095,12.31384,-1.23926,6.45078,244.6055,38.9339,0.8717,0.0984,4000,0.29058,1.002,0.36176,0.3204,0.31784,1.13817,0.04392,0.33236,0.32983,0.33781,0.00333,0.898,41.8,OK,ADMS_DF_i15p0_d24p44_t0p87_s2_m1p6,df,0.22645,0.23464,0.2546,0.0256,1.0216,0.268435,0.09292,0.089165,,,0.48374677,-8.9025485,-1.3198827,OK (stiffness only - no stress CSVs),1,0.9973,1.002,0.9279,0.9389
ADMS,ADMS_DF_i15p0_d31p66_t0p65_s2_m1p6.stl,,15.0,31.66,0.65,2,1.6,15.019,5779936,1,1,-1176,0.48385,9.0497,4.3787,0.846,-15.22736,23.48918,-1.75569,9.26189,410.3599,49.7866,0.6472,0.0359,4000,0.21574,0.996,0.35538,0.32812,0.3165,1.12284,0.03888,0.32723,0.33812,0.33464,0.00454,0.931,35.4,OK,ADMS_DF_i15p0_d31p66_t0p65_s2_m1p6,df,0.22953,0.23792,0.2542,0.0247,0.9739,0.279785,0.09358499999999999,0.090435,0.133792,0.09644799999999999,0.48538039,-16.244738,-1.8543656,OK,1,0.9968,0.9957,0.9374,0.9468
ADMS,ADMS_raw_i15p0_d46p2_t0p48_s2_m1p6.stl,,15.0,46.2,0.48,2,1.6,15.013,7778188,1,1,-2670,0.48492,11.8152,5.7294,0.859,-25.12635,37.95433,-2.30299,12.05638,591.617,59.3354,0.4793,0.0175,4000,0.15976,0.999,0.34837,0.32996,0.32168,1.08298,0.02669,0.33203,0.33416,0.33382,0.00094,0.957,37.0,OK,ADMS_raw_i15p0_d46p2_t0p48_s2_m1p6,raw,0.23623,0.24414,0.2579,0.0299,1.0935,0.282465,0.10422000000000001,0.098535,0.14598,0.107892,0.48550208,-26.782307,-2.1892741,OK,1,0.9988,0.9985,0.9382,1.0519
ADMS,ADMS_raw_i15p0_d39p78_t0p56_s2_m1p6.stl,,15.0,39.78,0.56,2,1.6,15.012,6668134,1,1,-1664,0.48793,10.1275,4.9415,0.853,-18.26993,29.10946,-2.00683,10.53175,491.4023,53.8611,0.5642,0.0248,4000,0.18807,1.008,0.34366,0.32992,0.32642,1.05281,0.01724,0.33484,0.33191,0.33324,0.0012,0.949,35.6,OK,ADMS_raw_i15p0_d39p78_t0p56_s2_m1p6,raw,0.23338,0.24173,0.2551,0.0297,1.0829,0.27159,0.09882999999999999,0.09564500000000001,0.13888399999999998,0.10314799999999999,0.48865376,-19.7044,-1.9673301,OK,1,0.9985,1.0075,0.9272,1.0201
ADMS,ADMS_DF_i15p0_d39p6_t0p54_s2_m1p6.stl,,15.0,39.6,0.54,2,1.6,15.029,6980884,1,1,-2144,0.48887,10.8064,5.283,0.83,-21.86604,33.00036,-2.10423,11.18692,515.688,56.0482,0.5402,0.0306,4000,0.18005,1.0,0.35673,0.32625,0.31702,1.12524,0.0397,0.32641,0.3392,0.33439,0.00528,0.927,35.7,OK,ADMS_DF_i15p0_d39p6_t0p54_s2_m1p6,df,0.24547,0.25367,0.258,0.0243,0.9827,0.30627,0.102425,0.09634000000000001,,0.105344,0.49099304,-23.292539,-2.1685635,OK (no compression CSV),1,0.9957,1.0004,0.9388,0.9703
ADMS,ADMS_raw_i15p0_d33p36_t0p68_s2_m1p6.stl,,15.0,33.36,0.68,2,1.6,15.012,5577100,1,1,-944,0.48965,8.4626,4.1437,0.866,-12.87477,21.40853,-1.67666,9.07043,362.9778,46.6591,0.683,0.0278,4000,0.22768,1.004,0.35025,0.33289,0.31687,1.10533,0.03338,0.32218,0.34183,0.33599,0.00824,0.943,37.7,OK,ADMS_raw_i15p0_d33p36_t0p68_s2_m1p6,raw,0.22882,0.23738,0.2531,0.0371,1.0976,0.274925,0.09420500000000001,0.09313,0.13642400000000002,0.101036,0.49033819,-14.304891,-1.6983748,OK,1,0.9986,1.0044,0.9,0.9872
ADMS,ADMS_DF_i15p0_d30p93_t0p7_s2_m1p6.stl,,15.0,30.93,0.7,2,1.6,15.014,5502072,1,1,-990,0.50147,8.3891,4.2069,0.83,-13.67972,21.66731,-1.74365,9.02263,419.1505,49.7757,0.7023,0.0401,4000,0.23411,1.003,0.35922,0.32583,0.31496,1.14054,0.04426,0.33301,0.34002,0.32697,0.00533,0.92,45.6,OK,ADMS_DF_i15p0_d30p93_t0p7_s2_m1p6,df,0.2418,0.25052,0.2547,0.0272,0.9624,0.294335,0.09814500000000001,0.093335,0.13703200000000001,,0.5029,-14.875373,-1.81383,OK (legacy),1,0.9972,1.0033,0.9196,0.9613
ADMS,ADMS_flow_i15p0_d25p43_t0p87_s2_m1p6.stl,,15.0,25.43,0.87,2,1.6,15.019,4414132,1,1,-428,0.50822,6.67,3.3898,0.852,-7.25465,12.08314,-1.26939,6.85153,413.5472,44.9056,0.876,0.0603,4000,0.292,1.007,0.35566,0.32911,0.31524,1.12822,0.04042,0.33839,0.33834,0.32327,0.00712,0.926,43.7,OK,ADMS_flow_i15p0_d25p43_t0p87_s2_m1p6,flow,0.21548,0.22498,0.2451,0.0542,0.8672,0.26441,0.07733,0.079925,0.116868,0.091976,0.50961505,-8.5277354,-1.270459,OK,1,0.9973,1.0069,0.8507,0.9992
ADMS,ADMS_DF_i15p0_d30p93_t0p8_s2_m1p6.stl,,15.0,30.93,0.8,2,1.6,15.021,5231024,1,1,-758,0.56224,7.156,4.0234,0.813,-11.06318,21.30675,-2.02814,9.11733,617.5378,56.5869,0.8025,0.0577,4000,0.26751,1.003,0.36006,0.32568,0.31426,1.14574,0.0458,0.33305,0.34037,0.32659,0.00563,0.904,53.3,OK,ADMS_DF_i15p0_d30p93_t0p8_s2_m1p6,df,0.29966,0.31033,0.2553,0.0242,0.97,0.36532,0.12256,0.11630499999999999,0.163416,,0.5637,-14.304442,-2.0365394,OK (legacy),1,0.9974,1.0031,0.7734,0.9959
