dataset,file,topology,inner,density_param,t_input,seed,size_multi,bbox_mm,n_tris,watertight,winding_ok,euler,VF,SAV_x_cell,rel_surface,interior_vert_frac,curv_gauss_mean_xL2,curv_gauss_iqr_xL2,curv_mean_mean_xL,curv_mean_iqr_xL,curv_gauss_p99_xL2,curv_mean_p99_xL,thickness_med_mm,thickness_std_mm,thickness_hits,thickness_over_cell,thickness_ratio,fabric_l1,fabric_l2,fabric_l3,fabric_DA,fabric_aniso,normal_x,normal_y,normal_z,normal_spread,fabric_kept_frac,extract_s,status,Run,C11_n,C12_n,C44_n,TAI,E_over_Es,G_over_Gs,nu_iso,Zener_Z,Rho_rel,group_key,element_order
TPMS,C(I2-Y) Generator_0.10.stl,C(I2-Y) Generator,,,,,,10.014,357044,1,1,-72,0.09927,120.0711,11.9196,0.876,-55.49102,52.47524,-0.57538,13.93587,353.0383,39.0581,0.1622,0.0388,4000,0.01622,,0.33335,0.33333,0.33332,1.0001,3e-05,0.33333,0.33333,0.33334,1e-05,0.962,48.8,OK,C(I2-Y) Generator_0.10,0.045733,0.018962,0.01231,0.021112,0.033143,0.033094,0.301902,0.919637,0.09927,TPMS|C(I2-Y) Generator|4,quadratic
TPMS,C(I2-Y) Generator_0.12.stl,C(I2-Y) Generator,,,,,,10.011,357258,1,1,-72,0.11971,100.3588,12.014,0.868,-55.52929,51.52435,-0.69553,13.99281,363.7928,38.7849,0.1948,0.0464,4000,0.01948,,0.33335,0.33334,0.3333,1.00015,5e-05,0.33333,0.33332,0.33335,2e-05,0.956,48.2,OK,C(I2-Y) Generator_0.12,0.056239,0.022916,0.015472,0.019033,0.041355,0.041437,0.297421,0.928601,0.11971,TPMS|C(I2-Y) Generator|5,quadratic
TPMS,C(I2-Y) Generator_0.14.stl,C(I2-Y) Generator,,,,,,10.012,357736,1,1,-72,0.13929,86.7891,12.0885,0.862,-55.64307,51.18396,-0.81511,13.81987,345.4402,39.4393,0.2251,0.054,4000,0.02251,,0.33335,0.33334,0.33331,1.00013,4e-05,0.33332,0.33334,0.33334,1e-05,0.95,48.2,OK,C(I2-Y) Generator_0.14,0.056764,0.021473,0.015451,0.036652,0.042029,0.042377,0.289318,0.875609,0.13929,TPMS|C(I2-Y) Generator|6,quadratic
TPMS,C(I2-Y) Generator_0.16.stl,C(I2-Y) Generator,,,,,,10.017,361148,1,1,-72,0.15946,76.1987,12.1507,0.857,-55.75369,52.50858,-0.94332,13.88093,366.6898,40.1925,0.2574,0.0624,4000,0.02574,,0.33335,0.33334,0.33331,1.00013,4e-05,0.33333,0.33333,0.33334,1e-05,0.944,48.1,OK,C(I2-Y) Generator_0.16,0.075691,0.029791,0.021537,0.016807,0.056966,0.057434,0.289397,0.938454,0.15946,TPMS|C(I2-Y) Generator|7,quadratic
TPMS,C(I2-Y) Generator_0.18.stl,C(I2-Y) Generator,,,,,,10.015,361752,1,1,-72,0.17912,68.2492,12.225,0.853,-55.88598,51.09703,-1.06616,13.90453,388.9631,40.6947,0.2872,0.0686,4000,0.02872,,0.33335,0.33333,0.33332,1.0001,3e-05,0.33334,0.33334,0.33332,1e-05,0.939,48.5,OK,C(I2-Y) Generator_0.18,0.088473,0.034929,0.025655,0.01133,0.067205,0.067843,0.287764,0.958263,0.17912,TPMS|C(I2-Y) Generator|8,quadratic
TPMS,C(I2-Y) Generator_0.20.stl,C(I2-Y) Generator,,,,,,10.014,362252,1,1,-72,0.1996,61.5922,12.2937,0.845,-56.04879,50.56392,-1.19622,13.84333,418.6011,40.1557,0.3194,0.0768,4000,0.03194,,0.33336,0.33333,0.33331,1.00013,4e-05,0.33333,0.33332,0.33335,1e-05,0.93,49.2,OK,C(I2-Y) Generator_0.20,0.100459,0.039421,0.029584,0.008454,0.077008,0.077889,0.285297,0.969357,0.1996,TPMS|C(I2-Y) Generator|9,quadratic
TPMS,C(I2-Y) Generator_0.22.stl,C(I2-Y) Generator,,,,,,10.012,361426,1,1,-72,0.21936,56.3672,12.3648,0.837,-56.29712,50.15312,-1.317,13.79162,405.1519,39.7744,0.349,0.0832,4000,0.0349,,0.33336,0.33333,0.33331,1.00013,4e-05,0.33332,0.33333,0.33335,1e-05,0.922,48.9,OK,C(I2-Y) Generator_0.22,0.112365,0.043852,0.033554,0.005643,0.086829,0.087977,0.28303,0.979502,0.21936,TPMS|C(I2-Y) Generator|10,quadratic
TPMS,C(I2-Y) Generator_0.24.stl,C(I2-Y) Generator,,,,,,10.017,363456,1,1,-72,0.23874,51.9595,12.405,0.831,-56.4211,49.88664,-1.44931,13.6581,410.6738,42.0797,0.3811,0.0901,4000,0.03811,,0.33335,0.33334,0.33331,1.00013,4e-05,0.33333,0.33333,0.33334,1e-05,0.917,48.8,OK,C(I2-Y) Generator_0.24,0.124701,0.048452,0.03774,0.002804,0.097088,0.098531,0.280967,0.989932,0.23874,TPMS|C(I2-Y) Generator|11,quadratic
TPMS,C(I2-Y) Generator_0.26.stl,C(I2-Y) Generator,,,,,,10.013,364032,1,1,-72,0.25873,48.2201,12.4761,0.823,-56.56915,48.90148,-1.58795,13.80569,460.9549,41.4567,0.4079,0.0983,4000,0.04079,,0.33337,0.33332,0.3333,1.00021,7e-05,0.33332,0.33334,0.33334,1e-05,0.909,48.2,OK,C(I2-Y) Generator_0.26,0.137498,0.053237,0.042162,0.000294,0.107823,0.109591,0.279027,1.000766,0.25873,TPMS|C(I2-Y) Generator|12,quadratic
TPMS,C(I2-Y) Generator_0.28.stl,C(I2-Y) Generator,,,,,,10.016,365056,1,1,-72,0.27905,44.8525,12.5159,0.817,-56.74127,48.69831,-1.73904,13.54271,473.0047,41.7265,0.4405,0.1042,4000,0.04405,,0.33336,0.33332,0.33331,1.00016,5e-05,0.33332,0.33334,0.33333,1e-05,0.902,49.4,OK,C(I2-Y) Generator_0.28,0.15135,0.058464,0.047011,0.003303,0.119513,0.12164,0.277273,1.012237,0.27905,TPMS|C(I2-Y) Generator|13,quadratic
TPMS,C(I2-Y) Generator_0.30.stl,C(I2-Y) Generator,,,,,,10.015,365140,1,1,-72,0.29886,42.0637,12.571,0.811,-56.93103,49.10209,-1.89435,13.74541,519.6893,43.8295,0.4722,0.1152,4000,0.04722,,0.33339,0.33331,0.3333,1.00026,9e-05,0.33332,0.33336,0.33333,2e-05,0.896,49.5,OK,C(I2-Y) Generator_0.30,0.165296,0.063722,0.051953,0.00634,0.131349,0.133856,0.275651,1.022965,0.29886,TPMS|C(I2-Y) Generator|14,quadratic
TPMS,C(Y) Generator_0.10.stl,C(Y) Generator,,,,,,10.016,297452,1,1,-48,0.09907,102.6685,10.1717,0.815,-34.24174,26.69673,-0.38603,14.15145,221.3901,27.1886,0.2135,0.0414,4000,0.02135,,0.3334,0.33333,0.33327,1.0004,0.00013,0.33329,0.33339,0.33332,4e-05,0.902,41.2,OK,C(Y) Generator_0.10,0.040623,0.017908,0.010807,0.01193,0.028903,0.028662,0.310939,0.951525,0.09907,TPMS|C(Y) Generator|4,quadratic
TPMS,C(Y) Generator_0.12.stl,C(Y) Generator,,,,,,10.016,299608,1,1,-48,0.11866,86.7735,10.2966,0.807,-34.28618,27.27771,-0.47163,14.03896,221.8359,27.1519,0.2547,0.0497,4000,0.02547,,0.33349,0.33331,0.33321,1.00084,0.00028,0.33322,0.3333,0.33349,0.00011,0.895,40.9,OK,C(Y) Generator_0.12,0.049737,0.021713,0.013459,0.009839,0.035779,0.035561,0.307974,0.960501,0.11866,TPMS|C(Y) Generator|5,quadratic
TPMS,C(Y) Generator_0.14.stl,C(Y) Generator,,,,,,10.035,303640,1,1,-48,0.13852,74.9842,10.387,0.803,-34.27303,26.96276,-0.55465,14.01086,218.086,26.8601,0.2954,0.0598,4000,0.02954,,0.33346,0.33329,0.33325,1.00065,0.00022,0.33325,0.33329,0.33346,9e-05,0.887,41.5,OK,C(Y) Generator_0.14,0.059598,0.025758,0.016414,0.007506,0.04336,0.043198,0.304889,0.970101,0.13852,TPMS|C(Y) Generator|6,quadratic
TPMS,C(Y) Generator_0.18.stl,C(Y) Generator,,,,,,10.049,306892,1,1,-48,0.17747,59.6406,10.5842,0.801,-34.428,27.46371,-0.71239,14.02954,224.2251,27.0877,0.3769,0.0812,4000,0.03769,,0.33342,0.33332,0.33326,1.00049,0.00016,0.33326,0.33341,0.33333,6e-05,0.881,42.4,OK,C(Y) Generator_0.18,0.079078,0.033528,0.022598,0.002022,0.05887,0.058935,0.298564,0.992266,0.17747,TPMS|C(Y) Generator|8,quadratic
TPMS,C(Y) Generator_0.20.stl,C(Y) Generator,,,,,,10.064,309068,1,1,-48,0.19592,54.3296,10.644,0.801,-34.44342,27.576,-0.80123,13.98682,220.7491,27.0905,0.4123,0.0913,4000,0.04123,,0.33338,0.33335,0.33327,1.00035,0.00012,0.33338,0.33335,0.33327,5e-05,0.877,44.9,OK,C(Y) Generator_0.20,0.089767,0.037729,0.026006,0.000147,0.067419,0.067628,0.295981,0.999484,0.19592,TPMS|C(Y) Generator|9,quadratic
TPMS,C(Y) Generator_0.22.stl,C(Y) Generator,,,,,,10.015,312098,1,1,-48,0.21855,49.8738,10.9,0.781,-34.82508,28.22902,-0.88644,13.98328,224.6047,28.1219,0.4583,0.1011,4000,0.04583,,0.33338,0.33334,0.33328,1.00029,0.0001,0.33333,0.33329,0.33337,3e-05,0.867,42.5,OK,C(Y) Generator_0.22,0.100803,0.041995,0.029652,0.002223,0.076429,0.076832,0.293187,1.008443,0.21855,TPMS|C(Y) Generator|10,quadratic
TPMS,C(Y) Generator_0.24.stl,C(Y) Generator,,,,,,10.014,313608,1,1,-48,0.23846,46.1237,10.9989,0.776,-34.92585,28.77984,-0.97777,14.03505,218.3367,27.3484,0.4921,0.113,4000,0.04921,,0.33337,0.33334,0.33329,1.00022,7e-05,0.33335,0.3333,0.33335,3e-05,0.863,42.5,OK,C(Y) Generator_0.24,0.112169,0.046337,0.033511,0.004732,0.085863,0.086501,0.290404,1.018078,0.23846,TPMS|C(Y) Generator|11,quadratic
TPMS,C(Y) Generator_0.26.stl,C(Y) Generator,,,,,,10.015,314526,1,1,-60,0.25828,42.9489,11.093,0.772,-35.07645,28.73667,-1.06934,14.04772,224.3214,27.0461,0.5283,0.1211,4000,0.05283,,0.33345,0.33333,0.33322,1.00067,0.00022,0.33326,0.33332,0.33342,7e-05,0.857,40.9,OK,C(Y) Generator_0.26,0.124119,0.050848,0.037608,0.006925,0.095836,0.096747,0.287761,1.026555,0.25828,TPMS|C(Y) Generator|12,quadratic
TPMS,C(Y) Generator_0.28.stl,C(Y) Generator,,,,,,10.014,316132,1,1,-60,0.27912,40.0312,11.1737,0.766,-35.23696,29.32427,-1.17145,14.17522,220.5579,28.7872,0.5712,0.1329,4000,0.05712,,0.3334,0.33336,0.33324,1.00047,0.00016,0.33337,0.33325,0.33339,6e-05,0.852,41.9,OK,C(Y) Generator_0.28,0.136912,0.055572,0.042106,0.009164,0.1067,0.107954,0.284898,1.035309,0.27912,TPMS|C(Y) Generator|13,quadratic
TPMS,C(Y) Generator_0.30.stl,C(Y) Generator,,,,,,10.015,316788,1,1,-60,0.29905,37.6176,11.2497,0.759,-35.40435,29.50978,-1.26881,14.04489,224.9836,28.1997,0.6156,0.1453,4000,0.06156,,0.33338,0.33333,0.33329,1.00027,9e-05,0.33338,0.33329,0.33333,3e-05,0.845,42.2,OK,C(Y) Generator_0.30,0.147058,0.059129,0.045558,0.009788,0.115242,0.116785,0.282829,1.036249,0.29905,TPMS|C(Y) Generator|14,quadratic
TPMS,D Generator_0.10.stl,D Generator,,,,,,10.017,246240,1,1,-18,0.09977,80.7761,8.0592,0.88,-27.29855,23.67067,-0.3534,13.3338,50.0832,19.812,0.2677,0.0154,4000,0.02677,,0.33339,0.33338,0.33322,1.00051,0.00017,0.33333,0.33333,0.33335,1e-05,0.965,34.9,OK,D Generator_0.10,0.054139,0.020934,0.01045,0.110126,0.03339,0.032733,0.326102,0.629411,0.09977,TPMS|D Generator|4,quadratic
TPMS,D Generator_0.12.stl,D Generator,,,,,,10.015,247968,1,1,-18,0.1196,68.0748,8.1416,0.871,-27.42904,23.8587,-0.42104,13.02137,52.2265,20.2727,0.3229,0.02,4000,0.03229,,0.33335,0.33334,0.33331,1.00014,5e-05,0.33335,0.33335,0.33331,2e-05,0.957,36.3,OK,D Generator_0.12,0.065331,0.025132,0.013073,0.103855,0.041099,0.040408,0.322232,0.650444,0.1196,TPMS|D Generator|5,quadratic
TPMS,D Generator_0.14.stl,D Generator,,,,,,10.016,250272,1,1,-18,0.13956,58.9056,8.2206,0.862,-27.47122,23.74396,-0.50609,13.30623,49.6808,20.0784,0.3752,0.0261,4000,0.03752,,0.33342,0.33341,0.33317,1.00076,0.00025,0.33333,0.33333,0.33334,0.0,0.952,34.3,OK,D Generator_0.14,0.076645,0.029357,0.015855,0.097792,0.049097,0.048403,0.318645,0.670573,0.13956,TPMS|D Generator|6,quadratic
TPMS,D Generator_0.16.stl,D Generator,,,,,,10.017,250272,1,1,-18,0.15931,51.9508,8.2764,0.86,-27.53765,23.90162,-0.57311,12.90233,50.2861,20.0001,0.4293,0.0355,4000,0.04293,,0.33342,0.33341,0.33317,1.00073,0.00024,0.33333,0.33333,0.33335,1e-05,0.943,33.6,OK,D Generator_0.16,0.088216,0.033634,0.01883,0.09197,0.057485,0.056823,0.315145,0.689952,0.15931,TPMS|D Generator|7,quadratic
TPMS,D Generator_0.18.stl,D Generator,,,,,,10.016,252768,1,1,-18,0.17859,46.7657,8.3517,0.843,-27.68976,23.73539,-0.6518,13.029,55.3807,20.1505,0.4812,0.0405,4000,0.04812,,0.33335,0.33334,0.33332,1.00009,3e-05,0.33334,0.33334,0.33332,1e-05,0.934,33.3,OK,D Generator_0.18,0.099529,0.037795,0.021877,0.086342,0.065901,0.065307,0.31184,0.708757,0.17859,TPMS|D Generator|8,quadratic
TPMS,D Generator_0.20.stl,D Generator,,,,,,10.015,252768,1,1,-18,0.1994,42.2651,8.4275,0.844,-27.68586,25.28877,-0.73221,12.9957,53.2234,20.2844,0.5367,0.0545,4000,0.05367,,0.33342,0.33342,0.33316,1.0008,0.00027,0.33333,0.33333,0.33334,0.0,0.929,33.0,OK,D Generator_0.20,0.112067,0.042377,0.025419,0.080048,0.075476,0.075,0.308262,0.729474,0.1994,TPMS|D Generator|9,quadratic
TPMS,D Generator_0.22.stl,D Generator,,,,,,10.013,253344,1,1,-18,0.21944,38.705,8.4934,0.836,-27.89387,24.36646,-0.80434,13.42147,52.2067,20.6909,0.5905,0.0647,4000,0.05905,,0.33338,0.33332,0.3333,1.00022,7e-05,0.33334,0.33334,0.33332,1e-05,0.921,33.8,OK,D Generator_0.22,0.124349,0.04685,0.029062,0.073903,0.085109,0.084793,0.304838,0.749996,0.21944,TPMS|D Generator|10,quadratic
TPMS,D Generator_0.24.stl,D Generator,,,,,,10.017,254496,1,1,-18,0.23933,35.7674,8.5601,0.827,-27.92119,25.30907,-0.89208,13.32175,55.9691,20.4377,0.6459,0.0748,4000,0.06459,,0.33343,0.33342,0.33315,1.00083,0.00028,0.33333,0.33333,0.33334,0.0,0.915,33.5,OK,D Generator_0.24,0.137018,0.051453,0.032975,0.067644,0.095275,0.095168,0.301457,0.77076,0.23933,TPMS|D Generator|11,quadratic
TPMS,D Generator_0.26.stl,D Generator,,,,,,10.016,253728,1,1,-18,0.25837,33.2971,8.6029,0.823,-28.11364,25.70662,-0.96222,13.15784,56.2988,20.7624,0.6984,0.0867,4000,0.06984,,0.33342,0.33341,0.33318,1.00072,0.00024,0.33332,0.33332,0.33335,1e-05,0.906,33.6,OK,D Generator_0.26,0.149357,0.055873,0.036908,0.062035,0.10534,0.10548,0.298278,0.78961,0.25837,TPMS|D Generator|12,quadratic
TPMS,D Generator_0.28.stl,D Generator,,,,,,10.017,257760,1,1,-18,0.27847,31.1138,8.6643,0.808,-28.28667,25.49625,-1.05348,13.15439,53.822,20.8524,0.7529,0.1053,4000,0.07529,,0.33335,0.33333,0.33331,1.00011,4e-05,0.33334,0.33334,0.33332,1e-05,0.898,36.0,OK,D Generator_0.28,0.162086,0.06045,0.041158,0.055893,0.115984,0.116427,0.295054,0.80991,0.27847,TPMS|D Generator|13,quadratic
TPMS,D Generator_0.30.stl,D Generator,,,,,,10.017,255456,1,1,-18,0.29849,29.2201,8.7218,0.807,-28.36864,25.11879,-1.1335,13.34548,57.588,20.8413,0.8093,0.1174,4000,0.08093,,0.33344,0.33343,0.33314,1.0009,0.0003,0.33333,0.33333,0.33334,1e-05,0.892,36.4,OK,D Generator_0.30,0.176588,0.065694,0.046021,0.049898,0.128127,0.128921,0.291988,0.829997,0.29849,TPMS|D Generator|14,quadratic
TPMS,D' Generator_0.10.stl,D' Generator,,,,,,10.015,361120,1,1,-116,0.09857,131.7563,12.9867,0.851,-61.3376,85.69963,-0.7413,15.59011,779.6348,55.8253,0.1502,0.0437,4000,0.01502,,0.33336,0.33336,0.33328,1.00024,8e-05,0.33333,0.33334,0.33333,0.0,0.95,52.8,OK,D' Generator_0.10,0.036101,0.013423,0.006961,0.118917,0.022401,0.022028,0.32206,0.613861,0.09857,TPMS|D' Generator|4,quadratic
TPMS,D' Generator_0.12.stl,D' Generator,,,,,,10.015,362670,1,1,-116,0.11896,110.228,13.1125,0.845,-61.57177,79.13872,-0.91294,14.89387,724.4713,55.0094,0.1791,0.0477,4000,0.01791,,0.33345,0.33341,0.33314,1.00093,0.00031,0.33334,0.33333,0.33333,0.0,0.948,50.0,OK,D' Generator_0.12,0.044631,0.01665,0.008918,0.110742,0.028201,0.027793,0.319076,0.63739,0.11896,TPMS|D' Generator|5,quadratic
TPMS,D' Generator_0.14.stl,D' Generator,,,,,,10.02,364740,1,1,-116,0.13877,95.1794,13.2084,0.84,-61.55103,78.36538,-1.09326,14.7845,577.6958,52.6615,0.2083,0.0539,4000,0.02083,,0.33343,0.33336,0.33321,1.00067,0.00022,0.33331,0.33332,0.33337,2e-05,0.941,50.6,OK,D' Generator_0.14,0.045336,0.017665,0.009277,0.099373,0.028769,0.028302,0.32141,0.670544,0.13877,TPMS|D' Generator|6,quadratic
TPMS,D' Generator_0.16.stl,D' Generator,,,,,,10.039,368272,1,1,-164,0.15811,84.0052,13.2822,0.837,-62.0404,78.45779,-1.31477,14.57609,502.1584,49.7219,0.2366,0.0603,4000,0.02366,,0.33345,0.3333,0.33325,1.00061,0.0002,0.33335,0.33336,0.3333,3e-05,0.935,49.4,OK,D' Generator_0.16,0.062519,0.023314,0.013323,0.096952,0.040852,0.040452,0.312862,0.679678,0.15811,TPMS|D' Generator|7,quadratic
TPMS,D' Generator_0.18.stl,D' Generator,,,,,,10.038,369960,1,1,-100,0.17832,74.8692,13.3506,0.83,-35.47003,71.8693,-1.71465,14.28864,421.0975,46.3544,0.2658,0.0552,4000,0.02658,,0.33337,0.33333,0.3333,1.00023,8e-05,0.33331,0.33332,0.33337,3e-05,0.928,49.4,OK,D' Generator_0.18,0.072309,0.027015,0.015894,0.089702,0.048003,0.047635,0.310029,0.701812,0.17832,TPMS|D' Generator|8,quadratic
TPMS,D' Generator_0.20.stl,D' Generator,,,,,,10.047,371412,1,1,-100,0.1976,67.5516,13.3481,0.828,-36.42672,75.83896,-1.77818,14.43784,412.7311,42.6473,0.2952,0.0564,4000,0.02952,,0.33346,0.33329,0.33325,1.00061,0.0002,0.33337,0.33332,0.33331,2e-05,0.922,52.5,OK,D' Generator_0.20,0.082313,0.030711,0.018614,0.083528,0.055468,0.055168,0.307055,0.721416,0.1976,TPMS|D' Generator|9,quadratic
TPMS,D' Generator_0.22.stl,D' Generator,,,,,,10.016,370816,1,1,-100,0.21951,61.4992,13.4997,0.817,-36.53979,78.76426,-1.8762,14.56684,407.9612,42.2003,0.3247,0.061,4000,0.03247,,0.33351,0.33327,0.33321,1.00091,0.0003,0.33332,0.33332,0.33337,2e-05,0.914,50.3,OK,D' Generator_0.22,0.092998,0.034538,0.021596,0.078204,0.063583,0.063395,0.303845,0.738856,0.21951,TPMS|D' Generator|10,quadratic
TPMS,D' Generator_0.24.stl,D' Generator,,,,,,10.041,371232,1,1,-100,0.23714,56.6986,13.4454,0.815,-36.72269,79.73998,-1.97773,14.45351,393.127,43.1492,0.3551,0.0661,4000,0.03551,,0.33348,0.33327,0.33325,1.00068,0.00023,0.33334,0.33333,0.33333,1e-05,0.908,52.1,OK,D' Generator_0.24,0.103554,0.03827,0.024651,0.073378,0.071769,0.071727,0.300752,0.755173,0.23714,TPMS|D' Generator|11,quadratic
TPMS,D' Generator_0.26.stl,D' Generator,,,,,,10.017,370928,1,1,-100,0.2594,52.339,13.5766,0.808,-37.21867,76.31522,-2.08143,14.7653,379.774,43.3865,0.3865,0.0731,4000,0.03865,,0.33346,0.33328,0.33326,1.00059,0.0002,0.33334,0.33334,0.33332,1e-05,0.9,50.4,OK,D' Generator_0.26,0.115343,0.04236,0.028174,0.068365,0.081078,0.081243,0.297349,0.772075,0.2594,TPMS|D' Generator|12,quadratic
TPMS,D' Generator_0.28.stl,D' Generator,,,,,,10.05,368832,1,1,-100,0.27593,48.7064,13.4397,0.81,-37.31434,78.83548,-2.18866,15.13158,384.8776,43.4855,0.4159,0.0753,4000,0.04159,,0.33339,0.33333,0.33327,1.00037,0.00012,0.33335,0.33336,0.33329,3e-05,0.892,48.5,OK,D' Generator_0.28,0.123256,0.04489,0.030696,0.065236,0.087624,0.088008,0.294333,0.783401,0.27593,TPMS|D' Generator|13,quadratic
TPMS,D' Generator_0.30.stl,D' Generator,,,,,,10.017,372864,1,1,-100,0.29911,45.5627,13.6281,0.797,-37.42552,77.13529,-2.31934,14.60136,377.5368,42.6092,0.4467,0.0779,4000,0.04467,,0.33335,0.33334,0.33331,1.0001,3e-05,0.33333,0.33333,0.33333,0.0,0.885,50.2,OK,D' Generator_0.30,0.137955,0.049839,0.03521,0.060687,0.099446,0.100156,0.290782,0.799163,0.29911,TPMS|D' Generator|14,quadratic
TPMS,FRD Generator_0.10.stl,FRD Generator,,,,,,10.018,282304,1,1,-68,0.09969,99.0054,9.8698,0.918,-54.75811,76.35082,-0.64035,16.97437,208.3205,36.674,0.2158,0.0288,4000,0.02158,,0.33334,0.33333,0.33333,1.00005,2e-05,0.33333,0.33333,0.33334,1e-05,0.953,40.7,OK,FRD Generator_0.10,0.043862,0.011453,0.008503,0.185286,0.028422,0.028706,0.287146,0.524739,0.09969,TPMS|FRD Generator|4,quadratic
TPMS,FRD Generator_0.12.stl,FRD Generator,,,,,,10.01,282816,1,1,-68,0.11925,83.2686,9.9301,0.91,-55.12915,78.43912,-0.75979,17.6019,223.9646,37.125,0.2559,0.0343,4000,0.02559,,0.33333,0.33333,0.33333,1.00001,0.0,0.33333,0.33333,0.33333,0.0,0.953,40.1,OK,FRD Generator_0.12,0.054347,0.014515,0.01064,0.179305,0.035329,0.035654,0.288139,0.534232,0.11925,TPMS|FRD Generator|5,quadratic
TPMS,FRD Generator_0.14.stl,FRD Generator,,,,,,10.01,283680,1,1,-68,0.13951,71.4151,9.9631,0.907,-55.3394,76.46484,-0.89593,17.08831,226.8304,37.1837,0.2978,0.0398,4000,0.02978,,0.33334,0.33333,0.33333,1.00004,1e-05,0.33333,0.33333,0.33334,1e-05,0.946,39.2,OK,FRD Generator_0.14,0.067229,0.018392,0.013345,0.171885,0.043916,0.044296,0.288861,0.546486,0.13951,TPMS|FRD Generator|6,quadratic
TPMS,FRD Generator_0.16.stl,FRD Generator,,,,,,10.01,283328,1,1,-68,0.15977,62.5258,9.9897,0.903,-55.50713,76.88551,-1.03358,17.46005,246.5119,38.3885,0.3409,0.0469,4000,0.03409,,0.33334,0.33333,0.33333,1.00003,1e-05,0.33333,0.33333,0.33334,0.0,0.94,38.9,OK,FRD Generator_0.16,0.080159,0.022266,0.016235,0.164641,0.05284,0.053326,0.288155,0.560877,0.15977,TPMS|FRD Generator|7,quadratic
TPMS,FRD Generator_0.18.stl,FRD Generator,,,,,,10.009,282016,1,1,-68,0.17977,55.7493,10.022,0.899,-55.72673,80.78005,-1.16039,17.56249,267.947,37.5255,0.3835,0.0528,4000,0.03835,,0.33334,0.33333,0.33333,1.00004,1e-05,0.33333,0.33333,0.33334,1e-05,0.937,39.9,OK,FRD Generator_0.18,0.093372,0.026251,0.019335,0.157423,0.06217,0.062803,0.286906,0.576128,0.17977,TPMS|FRD Generator|8,quadratic
TPMS,FRD Generator_0.20.stl,FRD Generator,,,,,,10.01,282304,1,1,-68,0.19963,50.286,10.0386,0.89,-56.04768,79.21795,-1.3088,17.11255,258.6726,39.698,0.4259,0.0578,4000,0.04259,,0.33334,0.33333,0.33333,1.00003,1e-05,0.33333,0.33333,0.33334,1e-05,0.933,40.7,OK,FRD Generator_0.20,0.107093,0.030318,0.022691,0.150667,0.072094,0.072931,0.285084,0.591117,0.19963,TPMS|FRD Generator|9,quadratic
TPMS,FRD Generator_0.22.stl,FRD Generator,,,,,,10.01,282464,1,1,-68,0.22001,45.6881,10.0517,0.885,-56.40883,79.1835,-1.468,17.05739,311.9434,38.0837,0.4678,0.0649,4000,0.04678,,0.33337,0.33335,0.33328,1.00028,9e-05,0.33334,0.33337,0.33329,3e-05,0.928,40.8,OK,FRD Generator_0.22,0.114467,0.031863,0.024757,0.148596,0.077963,0.079106,0.281219,0.599416,0.22001,TPMS|FRD Generator|11,quadratic
TPMS,FRD Generator_0.24.stl,FRD Generator,,,,,,10.01,282304,1,1,-68,0.23947,42.0146,10.0612,0.881,-56.58755,78.35211,-1.60979,16.84396,297.6824,40.869,0.5105,0.0701,4000,0.05105,,0.33334,0.33333,0.33333,1.00004,1e-05,0.33333,0.33333,0.33334,1e-05,0.922,40.1,OK,FRD Generator_0.24,0.135101,0.038377,0.029987,0.138849,0.093082,0.094512,0.280331,0.620062,0.23947,TPMS|FRD Generator|11,quadratic
TPMS,FRD Generator_0.26.stl,FRD Generator,,,,,,10.01,282720,1,1,-68,0.25992,38.7263,10.0659,0.88,-56.83335,80.04434,-1.76459,16.71674,336.2685,41.1653,0.5509,0.0776,4000,0.05509,,0.33334,0.33333,0.33333,1.00001,0.0,0.33333,0.33333,0.33333,0.0,0.917,38.6,OK,FRD Generator_0.26,0.150421,0.042898,0.034206,0.132117,0.104876,0.10668,0.278021,0.636261,0.25992,TPMS|FRD Generator|12,quadratic
TPMS,FRD Generator_0.28.stl,FRD Generator,,,,,,10.009,279872,1,1,-68,0.27943,36.0109,10.0624,0.871,-57.52436,77.46916,-1.92562,16.91548,351.2021,41.7427,0.5896,0.0832,4000,0.05896,,0.33336,0.33334,0.3333,1.00019,6e-05,0.33331,0.33334,0.33335,2e-05,0.913,38.3,OK,FRD Generator_0.28,0.165519,0.047203,0.03845,0.12666,0.11663,0.11886,0.275616,0.64996,0.27943,TPMS|FRD Generator|13,quadratic
TPMS,FRD Generator_0.30.stl,FRD Generator,,,,,,10.01,278304,1,1,-68,0.29995,33.5232,10.0554,0.867,-58.06337,80.19821,-2.11285,16.21946,374.977,43.0548,0.6373,0.089,4000,0.06373,,0.33334,0.33333,0.33333,1.00003,1e-05,0.33333,0.33333,0.33333,0.0,0.909,39.8,OK,FRD Generator_0.30,0.183042,0.052382,0.043415,0.120493,0.130262,0.132962,0.273598,0.664555,0.29995,TPMS|FRD Generator|14,quadratic
TPMS,G' Generator_0.10.stl,G' Generator,,,,,,10.015,332640,1,1,-96,0.09949,114.8134,11.4225,0.875,-54.4798,42.50863,-0.6115,15.50007,320.2577,43.8506,0.1698,0.0422,4000,0.01698,,0.33335,0.33333,0.33332,1.00009,3e-05,0.33332,0.33333,0.33335,1e-05,0.966,45.0,OK,G' Generator_0.10,0.048853,0.021591,0.011286,0.0433,0.032251,0.031647,0.324797,0.827938,0.09949,TPMS|G' Generator|4,quadratic
TPMS,G' Generator_0.12.stl,G' Generator,,,,,,10.014,334344,1,1,-96,0.11944,96.3169,11.504,0.869,-54.64496,42.11448,-0.7387,15.71132,323.1741,44.0006,0.2022,0.0489,4000,0.02022,,0.33334,0.33333,0.33333,1.00002,1e-05,0.33334,0.33333,0.33333,0.0,0.957,46.3,OK,G' Generator_0.12,0.059837,0.025676,0.014076,0.045657,0.040136,0.039543,0.319506,0.824085,0.11944,TPMS|G' Generator|5,quadratic
TPMS,G' Generator_0.14.stl,G' Generator,,,,,,10.015,334040,1,1,-96,0.13989,82.7792,11.58,0.864,-54.75982,41.71963,-0.87881,15.60181,362.4001,46.3181,0.2362,0.057,4000,0.02362,,0.33334,0.33333,0.33332,1.00006,2e-05,0.33334,0.33332,0.33333,1e-05,0.949,46.8,OK,G' Generator_0.14,0.071497,0.029914,0.017151,0.046511,0.048707,0.048167,0.314566,0.824886,0.13989,TPMS|G' Generator|6,quadratic
TPMS,G' Generator_0.16.stl,G' Generator,,,,,,10.016,336360,1,1,-96,0.15911,73.1287,11.6352,0.857,-55.02006,41.39043,-1.01358,15.61976,365.705,43.8955,0.2684,0.063,4000,0.02684,,0.33334,0.33334,0.33332,1.00005,2e-05,0.33332,0.33334,0.33334,1e-05,0.943,47.6,OK,G' Generator_0.16,0.082633,0.033856,0.020215,0.046378,0.057106,0.056667,0.310066,0.828868,0.15911,TPMS|G' Generator|7,quadratic
TPMS,G' Generator_0.18.stl,G' Generator,,,,,,10.016,336816,1,1,-96,0.17947,65.1587,11.6942,0.853,-55.25281,41.56403,-1.15377,15.67078,354.1979,46.0568,0.3022,0.0692,4000,0.03022,,0.33334,0.33333,0.33332,1.00005,2e-05,0.33333,0.33332,0.33334,1e-05,0.935,45.3,OK,G' Generator_0.18,0.09513,0.038206,0.023749,0.045635,0.066697,0.066409,0.305638,0.834428,0.17947,TPMS|G' Generator|8,quadratic
TPMS,G' Generator_0.20.stl,G' Generator,,,,,,10.016,336376,1,1,-96,0.19896,59.0991,11.7584,0.847,-55.53643,42.37303,-1.29936,15.47892,412.7034,44.5828,0.3337,0.082,4000,0.03337,,0.33335,0.33333,0.33332,1.0001,3e-05,0.33333,0.33335,0.33332,1e-05,0.927,46.4,OK,G' Generator_0.20,0.107369,0.042391,0.027328,0.04427,0.076249,0.076154,0.301615,0.841149,0.19896,TPMS|G' Generator|9,quadratic
TPMS,G' Generator_0.22.stl,G' Generator,,,,,,10.017,337448,1,1,-96,0.21882,53.9363,11.8025,0.84,-55.70467,41.74633,-1.44902,15.53777,414.1858,44.5008,0.3681,0.0886,4000,0.03681,,0.33336,0.33333,0.33331,1.00016,5e-05,0.33331,0.33335,0.33334,2e-05,0.922,44.3,OK,G' Generator_0.22,0.120186,0.046756,0.031187,0.042607,0.08642,0.086565,0.297834,0.849427,0.21882,TPMS|G' Generator|10,quadratic
TPMS,G' Generator_0.24.stl,G' Generator,,,,,,10.015,338752,1,1,-96,0.23957,49.5089,11.8609,0.833,-55.95458,42.65091,-1.60958,15.62136,424.7801,45.2159,0.4013,0.0957,4000,0.04013,,0.33334,0.33333,0.33333,1.00005,2e-05,0.33334,0.33333,0.33333,1e-05,0.914,45.2,OK,G' Generator_0.24,0.134024,0.051404,0.03545,0.04043,0.097526,0.097968,0.294142,0.858136,0.23957,TPMS|G' Generator|11,quadratic
TPMS,G' Generator_0.26.stl,G' Generator,,,,,,10.014,337640,1,1,-96,0.25904,45.9413,11.9006,0.825,-56.34023,42.33951,-1.76593,15.40939,433.7867,46.5811,0.435,0.1015,4000,0.0435,,0.33334,0.33333,0.33333,1.00004,1e-05,0.33334,0.33333,0.33333,1e-05,0.907,44.7,OK,G' Generator_0.26,0.147555,0.055977,0.039668,0.038134,0.108502,0.109264,0.290936,0.866326,0.25904,TPMS|G' Generator|12,quadratic
TPMS,G' Generator_0.28.stl,G' Generator,,,,,,10.015,337704,1,1,-96,0.27916,42.7952,11.9465,0.82,-56.71756,42.51716,-1.94281,15.70102,455.9958,44.739,0.472,0.1147,4000,0.0472,,0.33337,0.33333,0.3333,1.0002,7e-05,0.33337,0.3333,0.33333,3e-05,0.9,45.9,OK,G' Generator_0.28,0.162267,0.060921,0.044495,0.035225,0.120719,0.121884,0.287573,0.878089,0.27916,TPMS|G' Generator|13,quadratic
TPMS,G' Generator_0.30.stl,G' Generator,,,,,,10.016,335580,1,1,-96,0.29852,40.0913,11.9682,0.816,-56.68204,41.83025,-2.12218,15.53519,436.9033,46.8415,0.5047,0.114,4000,0.05047,,0.33336,0.33333,0.33331,1.00015,5e-05,0.33332,0.33336,0.33331,2e-05,0.896,46.3,OK,G' Generator_0.30,0.171623,0.066293,0.045973,0.035893,0.125598,0.126221,0.293577,0.872946,0.29852,TPMS|G' Generator|14,quadratic
TPMS,G'2 Generator_0.10.stl,G'2 Generator,,,,,,10.01,341364,1,1,-72,0.09965,116.4886,11.6085,0.855,-56.61004,68.15413,-0.50867,17.37814,146.6691,30.5877,0.1881,0.0199,4000,0.01881,,0.33351,0.33328,0.33322,1.00087,0.00029,0.33345,0.33331,0.33324,9e-05,0.929,46.9,OK,G'2 Generator_0.10,0.047232,0.018726,0.00995,0.086513,0.03036,0.029883,0.320738,0.698072,0.09965,TPMS|G'2 Generator|4,quadratic
TPMS,G'2 Generator_0.12.stl,G'2 Generator,,,,,,10.013,342446,1,1,-72,0.11947,97.9086,11.6974,0.85,-56.5546,68.11493,-0.61193,17.20594,146.2555,30.5968,0.2245,0.0242,4000,0.02245,,0.33345,0.33332,0.33323,1.00068,0.00023,0.33332,0.33344,0.33324,8e-05,0.926,47.0,OK,G'2 Generator_0.12,0.061022,0.024528,0.012998,0.081132,0.039348,0.038715,0.321271,0.712357,0.11947,TPMS|G'2 Generator|5,quadratic
TPMS,G'2 Generator_0.14.stl,G'2 Generator,,,,,,10.013,343232,1,1,-72,0.13928,84.6789,11.7945,0.843,-56.4609,68.57317,-0.72258,17.17131,146.9154,31.3553,0.2594,0.0285,4000,0.02594,,0.33348,0.33329,0.33323,1.00073,0.00024,0.33343,0.33331,0.33326,7e-05,0.918,45.5,OK,G'2 Generator_0.14,0.072643,0.028962,0.015831,0.077983,0.047484,0.04683,0.318157,0.724855,0.13928,TPMS|G'2 Generator|6,quadratic
TPMS,G'2 Generator_0.16.stl,G'2 Generator,,,,,,10.015,345710,1,1,-72,0.15914,74.7573,11.8969,0.838,-56.70156,68.82201,-0.83555,17.24816,151.8451,31.8915,0.2955,0.0331,4000,0.02955,,0.33345,0.33329,0.33326,1.00057,0.00019,0.33331,0.33328,0.33341,5e-05,0.91,46.8,OK,G'2 Generator_0.16,0.059897,0.020601,0.014371,0.089455,0.041819,0.042062,0.292485,0.731425,0.15914,TPMS|G'2 Generator|7,quadratic
TPMS,G'2 Generator_0.18.stl,G'2 Generator,,,,,,10.035,347060,1,1,-72,0.17798,66.9584,11.9169,0.835,-56.9819,68.84454,-0.9455,17.24649,153.8387,31.524,0.3296,0.039,4000,0.03296,,0.33351,0.33328,0.33321,1.00092,0.00031,0.33342,0.33332,0.33326,7e-05,0.904,45.6,OK,G'2 Generator_0.18,0.07529,0.025761,0.01732,0.096803,0.051785,0.051954,0.29577,0.699373,0.17798,TPMS|G'2 Generator|8,quadratic
TPMS,G'2 Generator_0.20.stl,G'2 Generator,,,,,,10.015,349004,1,1,-72,0.19894,60.7437,12.0842,0.824,-57.5564,69.64802,-1.0573,17.10694,160.5408,31.7806,0.3664,0.0443,4000,0.03664,,0.33354,0.33332,0.33313,1.00122,0.00041,0.33353,0.33315,0.33332,0.00015,0.899,46.2,OK,G'2 Generator_0.20,0.089419,0.030996,0.02077,0.092697,0.061728,0.061902,0.296338,0.711033,0.19894,TPMS|G'2 Generator|9,quadratic
TPMS,G'2 Generator_0.22.stl,G'2 Generator,,,,,,10.015,349696,1,1,-72,0.2181,55.871,12.1852,0.817,-57.50434,70.15557,-1.17114,17.17503,163.9878,31.648,0.4034,0.0516,4000,0.04034,,0.33344,0.33328,0.33328,1.00051,0.00017,0.33334,0.33332,0.33335,1e-05,0.892,47.5,OK,G'2 Generator_0.22,0.104055,0.037547,0.024955,0.076615,0.072629,0.072783,0.29725,0.750439,0.2181,TPMS|G'2 Generator|10,quadratic
TPMS,G'2 Generator_0.24.stl,G'2 Generator,,,,,,10.016,350734,1,1,-72,0.23848,51.5989,12.3055,0.809,-57.40901,69.5759,-1.29728,17.04112,169.2314,31.8128,0.4376,0.0596,4000,0.04376,,0.33348,0.33338,0.33315,1.00099,0.00033,0.33336,0.33319,0.33345,0.00011,0.882,47.8,OK,G'2 Generator_0.24,0.118569,0.043486,0.029354,0.065923,0.084001,0.084275,0.295765,0.781899,0.23848,TPMS|G'2 Generator|11,quadratic
TPMS,G'2 Generator_0.26.stl,G'2 Generator,,,,,,10.013,355104,1,1,-108,0.25827,48.4558,12.5146,0.797,-57.57354,70.53184,-1.40987,17.14847,181.8581,32.3169,0.472,0.0651,4000,0.0472,,0.3334,0.33333,0.33327,1.00038,0.00013,0.33332,0.33328,0.3334,5e-05,0.87,47.4,OK,G'2 Generator_0.26,0.134988,0.049905,0.034151,0.058546,0.096508,0.096923,0.294442,0.802757,0.25827,TPMS|G'2 Generator|12,quadratic
TPMS,G'2 Generator_0.28.stl,G'2 Generator,,,,,,10.018,355070,1,1,-96,0.27779,45.0739,12.5209,0.795,-57.81014,70.89473,-1.53615,17.18518,180.5256,32.457,0.5093,0.0757,4000,0.05093,,0.33339,0.33337,0.33324,1.00046,0.00015,0.33324,0.33338,0.33338,6e-05,0.868,47.5,OK,G'2 Generator_0.28,0.148492,0.054555,0.038354,0.054841,0.107514,0.10822,0.291523,0.8166,0.27779,TPMS|G'2 Generator|13,quadratic
TPMS,G'2 Generator_0.30.stl,G'2 Generator,,,,,,10.012,359136,1,1,-108,0.29829,42.63,12.7162,0.782,-58.14791,72.83489,-1.66294,17.23328,188.5013,33.6173,0.5468,0.0839,4000,0.05468,,0.33339,0.33331,0.3333,1.00026,9e-05,0.33331,0.33331,0.33338,4e-05,0.855,46.3,OK,G'2 Generator_0.30,0.161625,0.058989,0.042512,0.051085,0.11815,0.119184,0.288732,0.828413,0.29829,TPMS|G'2 Generator|14,quadratic
TPMS,Gyroid Generator_0.11.stl,Gyroid Generator,,,,,,10.013,203136,1,1,-2,0.10974,60.6885,6.6598,0.863,-16.66549,13.04961,-0.29704,10.02898,31.9189,14.3875,0.3609,0.0247,4000,0.03609,,0.33334,0.33334,0.33332,1.00005,2e-05,0.33333,0.33334,0.33333,0.0,0.95,28.6,OK,Gyroid Generator_0.11,0.053477,0.026101,0.014667,0.015405,0.037711,0.037095,0.321578,1.071545,0.10974,TPMS|Gyroid Generator|5,quadratic
TPMS,Gyroid Generator_0.13.stl,Gyroid Generator,,,,,,10.017,203520,1,1,-2,0.12902,52.2004,6.735,0.857,-16.65834,13.44593,-0.34571,9.86527,31.681,14.1186,0.4261,0.0335,4000,0.04261,,0.33336,0.33335,0.33329,1.0002,7e-05,0.33333,0.33333,0.33333,0.0,0.94,28.1,OK,Gyroid Generator_0.13,0.063477,0.030707,0.017714,0.017645,0.045284,0.044641,0.318707,1.081124,0.12902,TPMS|Gyroid Generator|6,quadratic
TPMS,Gyroid Generator_0.15.stl,Gyroid Generator,,,,,,10.017,205440,1,1,-2,0.14909,45.7633,6.8226,0.848,-16.69433,13.42698,-0.4037,9.92229,31.6031,14.143,0.4914,0.0451,4000,0.04914,,0.33334,0.33334,0.33333,1.00003,1e-05,0.33333,0.33333,0.33333,0.0,0.932,29.3,OK,Gyroid Generator_0.15,0.073985,0.035461,0.020994,0.019739,0.053379,0.052737,0.315822,1.089928,0.14909,TPMS|Gyroid Generator|7,quadratic
TPMS,Gyroid Generator_0.17.stl,Gyroid Generator,,,,,,10.016,206848,1,1,-2,0.16919,40.811,6.9048,0.838,-16.75898,13.41785,-0.46506,9.88152,31.8252,14.3625,0.5569,0.0576,4000,0.05569,,0.33336,0.33335,0.33329,1.00021,7e-05,0.33333,0.33333,0.33334,1e-05,0.923,30.4,OK,Gyroid Generator_0.17,0.084751,0.040244,0.024439,0.021775,0.061815,0.061205,0.312955,1.098222,0.16919,TPMS|Gyroid Generator|8,quadratic
TPMS,Gyroid Generator_0.19.stl,Gyroid Generator,,,,,,10.014,208416,1,1,-2,0.18938,36.915,6.991,0.831,-16.83157,13.56398,-0.51998,10.07911,32.0357,14.3785,0.6224,0.0725,4000,0.06224,,0.33334,0.33334,0.33333,1.00003,1e-05,0.33333,0.33333,0.33333,0.0,0.913,29.7,OK,Gyroid Generator_0.19,0.095886,0.045116,0.028085,0.023794,0.070677,0.070131,0.310133,1.10639,0.18938,TPMS|Gyroid Generator|9,quadratic
TPMS,Gyroid Generator_0.21.stl,Gyroid Generator,,,,,,10.016,209184,1,1,-2,0.2094,33.7472,7.0668,0.823,-16.86983,13.63084,-0.58098,9.99991,32.1154,14.41,0.6899,0.0876,4000,0.06899,,0.33335,0.33335,0.33329,1.00019,6e-05,0.33333,0.33333,0.33334,0.0,0.904,28.3,OK,Gyroid Generator_0.21,0.107863,0.049972,0.032322,0.026517,0.080758,0.080406,0.30569,1.11668,0.2094,TPMS|Gyroid Generator|10,quadratic
TPMS,Gyroid Generator_0.23.stl,Gyroid Generator,,,,,,10.015,212064,1,1,-2,0.22906,31.2017,7.1469,0.81,-16.9569,13.9098,-0.64156,10.01276,31.7811,14.5217,0.7548,0.1028,4000,0.07548,,0.33334,0.33334,0.33331,1.00009,3e-05,0.33333,0.33333,0.33333,0.0,0.896,29.7,OK,Gyroid Generator_0.23,0.118469,0.054672,0.035727,0.027319,0.089079,0.088772,0.304495,1.120044,0.22906,TPMS|Gyroid Generator|11,quadratic
TPMS,Gyroid Generator_0.25.stl,Gyroid Generator,,,,,,10.017,211776,1,1,-2,0.24851,29.0482,7.2186,0.806,-17.01298,14.19158,-0.69645,10.11762,32.2172,14.2591,0.8194,0.1268,4000,0.08194,,0.33336,0.33335,0.33329,1.0002,7e-05,0.33333,0.33333,0.33334,0.0,0.886,29.9,OK,Gyroid Generator_0.25,0.130286,0.059507,0.03981,0.028813,0.098877,0.098748,0.301694,1.12491,0.24851,TPMS|Gyroid Generator|12,quadratic
TPMS,Gyroid Generator_0.27.stl,Gyroid Generator,,,,,,10.016,213024,1,1,-2,0.26879,27.1454,7.2964,0.794,-17.04283,14.24139,-0.76341,10.17063,32.193,14.9078,0.8844,0.1428,4000,0.08844,,0.33335,0.33334,0.33331,1.00011,4e-05,0.33333,0.33333,0.33334,0.0,0.877,31.2,OK,Gyroid Generator_0.27,0.142692,0.064433,0.044177,0.030123,0.10929,0.109397,0.298722,1.128989,0.26879,TPMS|Gyroid Generator|13,quadratic
TPMS,Gyroid Generator_0.29.stl,Gyroid Generator,,,,,,10.017,213680,1,1,-2,0.28835,25.5419,7.3649,0.787,-17.19082,14.26532,-0.82605,10.18586,33.1906,14.6282,0.9505,0.158,4000,0.09505,,0.33335,0.33335,0.3333,1.00016,5e-05,0.33333,0.33333,0.33334,0.0,0.868,32.7,OK,Gyroid Generator_0.29,0.155122,0.069325,0.048643,0.031536,0.11989,0.120265,0.295954,1.13391,0.28835,TPMS|Gyroid Generator|14,quadratic
TPMS,Gyroid Generator_0.30.stl,Gyroid Generator,,,,,,10.013,214800,1,1,-2,0.29874,24.7893,7.4057,0.779,-17.26246,14.50237,-0.8527,10.20991,33.5072,14.8292,0.9843,0.1728,4000,0.09843,,0.33334,0.33334,0.33332,1.00007,2e-05,0.33333,0.33334,0.33333,0.0,0.863,31.2,OK,Gyroid Generator_0.30,0.166031,0.071756,0.054007,0.03543,0.131572,0.132864,0.287351,1.145732,0.29874,TPMS|Gyroid Generator|14,quadratic
TPMS,IWP Generator_0.10.stl,IWP Generator,,,,,,10.012,214416,1,1,-12,0.09982,74.6738,7.4537,0.906,-20.96875,26.1404,-0.33394,9.95523,93.4739,19.972,0.2794,0.027,4000,0.02794,,0.33333,0.33333,0.33333,1.0,0.0,0.33333,0.33333,0.33333,0.0,0.957,30.9,OK,IWP Generator_0.10,0.033053,0.011131,0.01141,0.012313,0.028002,0.029195,0.246886,1.040952,0.09982,TPMS|IWP Generator|4,quadratic
TPMS,IWP Generator_0.12.stl,IWP Generator,,,,,,10.012,214848,1,1,-12,0.11933,63.0375,7.522,0.898,-20.99661,26.32883,-0.3974,10.17572,93.8765,19.2834,0.3333,0.0328,4000,0.03333,,0.33334,0.33334,0.33331,1.0001,3e-05,0.33334,0.33334,0.33331,2e-05,0.95,30.3,OK,IWP Generator_0.12,0.041911,0.013831,0.013932,0.002452,0.034916,0.036339,0.249109,0.992288,0.11933,TPMS|IWP Generator|5,quadratic
TPMS,IWP Generator_0.14.stl,IWP Generator,,,,,,10.01,217584,1,1,-12,0.14001,54.2425,7.5944,0.887,-21.08441,26.51884,-0.47304,10.01303,94.818,19.8468,0.3913,0.0384,4000,0.03913,,0.33334,0.33333,0.33333,1.00001,0.0,0.33333,0.33333,0.33334,0.0,0.942,31.0,OK,IWP Generator_0.14,0.052122,0.01692,0.016675,0.016544,0.042661,0.044302,0.251859,0.947376,0.14001,TPMS|IWP Generator|7,quadratic
TPMS,IWP Generator_0.16.stl,IWP Generator,,,,,,10.015,217104,1,1,-12,0.15937,47.9767,7.646,0.886,-21.05783,26.85017,-0.54228,10.00183,93.7947,20.1442,0.4447,0.0438,4000,0.04447,,0.33334,0.33334,0.33333,1.00002,1e-05,0.33334,0.33334,0.33333,0.0,0.936,30.9,OK,IWP Generator_0.16,0.062567,0.020066,0.019371,0.028207,0.050438,0.05227,0.254457,0.911569,0.15937,TPMS|IWP Generator|7,quadratic
TPMS,IWP Generator_0.18.stl,IWP Generator,,,,,,10.014,218752,1,1,-12,0.17898,43.0551,7.7059,0.875,-21.23941,26.55036,-0.61713,10.00457,95.391,20.1298,0.4963,0.0481,4000,0.04963,,0.33333,0.33333,0.33333,1.0,0.0,0.33333,0.33333,0.33333,0.0,0.928,34.1,OK,IWP Generator_0.18,0.073418,0.023293,0.022135,0.037636,0.058452,0.060478,0.256452,0.883199,0.17898,TPMS|IWP Generator|8,quadratic
TPMS,IWP Generator_0.20.stl,IWP Generator,,,,,,10.009,220416,1,1,-12,0.19997,38.9048,7.7799,0.865,-21.20149,27.00602,-0.68346,10.11233,93.7543,20.4167,0.5539,0.0529,4000,0.05539,,0.33334,0.33334,0.33333,1.00003,1e-05,0.33334,0.33334,0.33333,0.0,0.92,32.5,OK,IWP Generator_0.20,0.085909,0.026958,0.025204,0.047435,0.067543,0.069771,0.258478,0.855076,0.19997,TPMS|IWP Generator|9,quadratic
TPMS,IWP Generator_0.22.stl,IWP Generator,,,,,,10.013,220448,1,1,-12,0.21949,35.6675,7.8286,0.864,-21.37799,27.5291,-0.7531,9.99728,96.4231,19.931,0.6089,0.0599,4000,0.06089,,0.33334,0.33334,0.33332,1.00008,3e-05,0.33334,0.33334,0.33332,1e-05,0.913,31.9,OK,IWP Generator_0.22,0.098574,0.030643,0.028287,0.055225,0.076706,0.079134,0.2601,0.832819,0.21949,TPMS|IWP Generator|10,quadratic
TPMS,IWP Generator_0.24.stl,IWP Generator,,,,,,10.01,221824,1,1,-12,0.23943,32.93,7.8845,0.851,-21.39443,27.6297,-0.83302,10.05904,101.9365,20.4109,0.6654,0.066,4000,0.06654,,0.33335,0.33335,0.33331,1.00013,4e-05,0.33335,0.33335,0.33331,2e-05,0.908,33.6,OK,IWP Generator_0.24,0.111974,0.034535,0.031528,0.061938,0.086382,0.089018,0.261495,0.814279,0.23943,TPMS|IWP Generator|11,quadratic
TPMS,IWP Generator_0.26.stl,IWP Generator,,,,,,10.013,222656,1,1,-12,0.25903,30.6031,7.9271,0.846,-21.54981,28.63309,-0.91291,9.99213,102.9453,20.3744,0.7182,0.0709,4000,0.07182,,0.33333,0.33333,0.33333,1.0,0.0,0.33333,0.33333,0.33333,0.0,0.899,33.0,OK,IWP Generator_0.26,0.126186,0.038619,0.03497,0.067512,0.096604,0.099472,0.262518,0.798715,0.25903,TPMS|IWP Generator|12,quadratic
TPMS,IWP Generator_0.28.stl,IWP Generator,,,,,,10.013,222672,1,1,-12,0.27894,28.5983,7.9771,0.841,-21.72919,28.80344,-0.98552,10.01547,100.7517,21.1878,0.7691,0.079,4000,0.07691,,0.33336,0.33332,0.33331,1.00015,5e-05,0.33331,0.33332,0.33336,2e-05,0.891,33.1,OK,IWP Generator_0.28,0.140909,0.042796,0.038582,0.072336,0.107314,0.110449,0.263107,0.786487,0.27894,TPMS|IWP Generator|13,quadratic
TPMS,IWP Generator_0.30.stl,IWP Generator,,,,,,10.011,223920,1,1,-12,0.29909,26.8373,8.0268,0.831,-21.6085,29.25331,-1.05853,10.27242,104.4136,21.1856,0.8222,0.0872,4000,0.08222,,0.33334,0.33334,0.33333,1.00003,1e-05,0.33334,0.33334,0.33333,0.0,0.886,31.8,OK,IWP Generator_0.30,0.15616,0.047012,0.042323,0.07662,0.118447,0.12188,0.263386,0.775516,0.29909,TPMS|IWP Generator|14,quadratic
TPMS,K Generator_0.10.stl,K Generator,,,,,,10.015,256512,1,1,-44,0.09918,84.3126,8.3622,0.888,-28.03231,34.72057,-0.527,10.30671,166.0018,22.2199,0.2348,0.0446,4000,0.02348,,0.33333,0.33333,0.33333,1.00001,0.0,0.33333,0.33333,0.33333,0.0,0.965,31.5,OK,K Generator_0.10,0.028503,0.01561,0.014241,0.192891,0.026491,0.026942,0.27823,2.208998,0.09918,TPMS|K Generator|4,quadratic
TPMS,K Generator_0.12.stl,K Generator,,,,,,10.012,258976,1,1,-44,0.11963,70.7295,8.4611,0.883,-27.32723,34.8404,-0.6405,10.00725,164.6021,23.0324,0.2837,0.052,4000,0.02837,,0.33336,0.33333,0.3333,1.00017,6e-05,0.3333,0.33333,0.33336,2e-05,0.955,32.4,OK,K Generator_0.12,0.036268,0.019355,0.017553,0.180422,0.033442,0.034045,0.276985,2.075612,0.11963,TPMS|K Generator|5,quadratic
TPMS,K Generator_0.14.stl,K Generator,,,,,,10.015,259488,1,1,-44,0.139,61.4715,8.5448,0.874,-27.76163,33.53809,-0.77088,10.16286,179.6242,22.5901,0.3264,0.0602,4000,0.03264,,0.33333,0.33333,0.33333,1.00001,0.0,0.33333,0.33333,0.33333,0.0,0.945,32.7,OK,K Generator_0.14,0.044295,0.02301,0.02081,0.168294,0.040559,0.041339,0.275459,1.955311,0.139,TPMS|K Generator|6,quadratic
TPMS,K Generator_0.16.stl,K Generator,,,,,,10.014,261360,1,1,-44,0.15947,54.1228,8.6311,0.864,-26.75827,33.68632,-0.89171,10.18268,163.4136,22.8774,0.3698,0.0642,4000,0.03698,,0.33334,0.33333,0.33333,1.00002,1e-05,0.33333,0.33333,0.33334,0.0,0.938,33.3,OK,K Generator_0.16,0.053476,0.026948,0.024358,0.155197,0.048618,0.049625,0.27361,1.836348,0.15947,TPMS|K Generator|7,quadratic
TPMS,K Generator_0.18.stl,K Generator,,,,,,10.015,262464,1,1,-44,0.17888,48.686,8.7088,0.86,-27.43059,32.754,-1.01251,9.99679,186.6422,23.3978,0.4157,0.0727,4000,0.04157,,0.33333,0.33333,0.33333,1.0,0.0,0.33333,0.33333,0.33333,0.0,0.927,32.5,OK,K Generator_0.18,0.062877,0.030756,0.027831,0.142746,0.056778,0.058039,0.271766,1.732872,0.17888,TPMS|K Generator|8,quadratic
TPMS,K Generator_0.20.stl,K Generator,,,,,,10.015,263568,1,1,-44,0.19936,44.0733,8.7864,0.849,-26.83986,31.69584,-1.16717,10.08517,174.8515,23.6327,0.4513,0.081,4000,0.04513,,0.33334,0.33333,0.33332,1.00005,2e-05,0.33333,0.33333,0.33334,1e-05,0.921,34.2,OK,K Generator_0.20,0.073617,0.03485,0.031629,0.129433,0.065999,0.067572,0.269745,1.631772,0.19936,TPMS|K Generator|9,quadratic
TPMS,K Generator_0.22.stl,K Generator,,,,,,10.014,264592,1,1,-44,0.21882,40.4412,8.8494,0.84,-26.93797,31.55689,-1.27295,9.95133,201.1311,24.2637,0.4942,0.0854,4000,0.04942,,0.33337,0.33333,0.3333,1.00022,7e-05,0.3333,0.33333,0.33337,3e-05,0.91,33.8,OK,K Generator_0.22,0.084423,0.038773,0.035313,0.117131,0.075175,0.077077,0.267921,1.547119,0.21882,TPMS|K Generator|10,quadratic
TPMS,K Generator_0.24.stl,K Generator,,,,,,10.015,265520,1,1,-44,0.23884,37.388,8.9297,0.832,-25.92291,29.78376,-1.43785,9.99615,186.15,23.806,0.5395,0.0957,4000,0.05395,,0.33338,0.33334,0.33328,1.00029,0.0001,0.33333,0.33337,0.3333,3e-05,0.901,35.3,OK,K Generator_0.24,0.096456,0.042904,0.039253,0.104301,0.085271,0.087556,0.266083,1.465973,0.23884,TPMS|K Generator|11,quadratic
TPMS,K Generator_0.26.stl,K Generator,,,,,,10.017,265632,1,1,-44,0.25864,34.6907,8.9723,0.823,-25.05055,29.1629,-1.59987,10.03774,189.586,24.1536,0.5783,0.1046,4000,0.05783,,0.33334,0.33333,0.33333,1.00004,1e-05,0.33333,0.33333,0.33334,1e-05,0.894,34.7,OK,K Generator_0.26,0.109438,0.047141,0.043341,0.091402,0.096014,0.09872,0.264356,1.391445,0.25864,TPMS|K Generator|12,quadratic
TPMS,K Generator_0.28.stl,K Generator,,,,,,10.017,266496,1,1,-44,0.27925,32.3432,9.0317,0.815,-24.03278,27.37395,-1.7754,9.72458,193.5507,25.2677,0.6176,0.1136,4000,0.06176,,0.33334,0.33333,0.33333,1.00002,1e-05,0.33333,0.33333,0.33334,0.0,0.883,33.8,OK,K Generator_0.28,0.123801,0.05164,0.047701,0.078336,0.107729,0.110904,0.262783,1.322088,0.27925,TPMS|K Generator|13,quadratic
TPMS,K Generator_0.30.stl,K Generator,,,,,,10.013,266306,1,1,-44,0.29902,30.4467,9.1043,0.807,-21.22307,25.56547,-1.9846,9.7469,186.1773,25.4437,0.6609,0.1195,4000,0.06609,,0.33343,0.33332,0.33325,1.00053,0.00018,0.33338,0.33328,0.33335,4e-05,0.875,33.9,OK,K Generator_0.30,0.138484,0.05602,0.052002,0.065888,0.119555,0.123213,0.261405,1.261193,0.29902,TPMS|K Generator|14,quadratic
TPMS,Neovius Generator_0.10.stl,Neovius Generator,,,,,,10.014,206784,1,1,-20,0.09896,75.0076,7.4225,0.894,-25.73996,25.37448,-0.58375,8.85625,239.1013,27.5073,0.2594,0.0872,4000,0.02594,,0.33334,0.33334,0.33332,1.00004,1e-05,0.33334,0.33334,0.33332,1e-05,0.952,33.9,OK,Neovius Generator_0.10,0.052343,0.017159,0.006826,0.218361,0.027103,0.026223,0.343629,0.388002,0.09896,TPMS|Neovius Generator|4,quadratic
TPMS,Neovius Generator_0.12.stl,Neovius Generator,,,,,,10.013,207264,1,1,-20,0.11931,62.817,7.495,0.883,-25.93299,25.31245,-0.71544,8.7233,246.0869,28.32,0.3128,0.1012,4000,0.03128,,0.33334,0.33333,0.33333,1.00001,0.0,0.33333,0.33333,0.33334,0.0,0.941,37.4,OK,Neovius Generator_0.12,0.064401,0.020877,0.008844,0.212246,0.03428,0.033292,0.338545,0.406409,0.11931,TPMS|Neovius Generator|5,quadratic
TPMS,Neovius Generator_0.14.stl,Neovius Generator,,,,,,10.013,207936,1,1,-20,0.13965,54.0893,7.5535,0.874,-25.86191,26.39251,-0.8414,8.60263,241.7898,29.1002,0.3636,0.1113,4000,0.03636,,0.33334,0.33333,0.33333,1.00001,0.0,0.33333,0.33333,0.33334,0.0,0.932,35.7,OK,Neovius Generator_0.14,0.076757,0.024679,0.011117,0.204864,0.042017,0.040963,0.333421,0.42695,0.13965,TPMS|Neovius Generator|6,quadratic
TPMS,Neovius Generator_0.16.stl,Neovius Generator,,,,,,10.008,208320,1,1,-20,0.1594,47.7571,7.6125,0.865,-26.09543,25.22279,-0.97681,8.44896,259.4288,29.4423,0.412,0.1234,4000,0.0412,,0.33335,0.33334,0.33331,1.00013,4e-05,0.33334,0.33335,0.33331,1e-05,0.923,35.5,OK,Neovius Generator_0.16,0.088812,0.028395,0.01354,0.196837,0.049932,0.048859,0.328537,0.448228,0.1594,TPMS|Neovius Generator|7,quadratic
TPMS,Neovius Generator_0.18.stl,Neovius Generator,,,,,,10.013,208704,1,1,-20,0.17878,42.7588,7.6444,0.856,-26.27394,24.7322,-1.11519,8.34154,265.5297,30.1587,0.4583,0.1337,4000,0.04583,,0.33334,0.33333,0.33333,1.00004,1e-05,0.33333,0.33333,0.33334,1e-05,0.913,33.6,OK,Neovius Generator_0.18,0.101324,0.032269,0.016262,0.18807,0.058499,0.057453,0.323661,0.470981,0.17878,TPMS|Neovius Generator|8,quadratic
TPMS,Neovius Generator_0.20.stl,Neovius Generator,,,,,,10.016,208704,1,1,-20,0.19916,38.5347,7.6744,0.847,-26.10896,23.64805,-1.27442,8.31085,285.5754,31.942,0.5119,0.1431,4000,0.05119,,0.33333,0.33333,0.33333,1.00001,0.0,0.33333,0.33333,0.33333,0.0,0.905,33.9,OK,Neovius Generator_0.20,0.114837,0.036487,0.019436,0.178209,0.06814,0.067179,0.318605,0.496134,0.19916,TPMS|Neovius Generator|9,quadratic
TPMS,Neovius Generator_0.22.stl,Neovius Generator,,,,,,10.014,209664,1,1,-20,0.21934,35.1422,7.7081,0.832,-26.70495,22.10911,-1.4396,8.04634,308.2787,33.2116,0.5639,0.1533,4000,0.05639,,0.33333,0.33333,0.33333,1.0,0.0,0.33333,0.33333,0.33333,0.0,0.891,33.6,OK,Neovius Generator_0.22,0.128433,0.040794,0.02286,0.168107,0.078192,0.077367,0.313857,0.521682,0.21934,TPMS|Neovius Generator|10,quadratic
TPMS,Neovius Generator_0.24.stl,Neovius Generator,,,,,,10.014,208800,1,1,-20,0.23948,32.2725,7.7285,0.817,-26.75683,18.7514,-1.61125,7.86897,332.2225,34.2099,0.6146,0.1615,4000,0.06146,,0.33334,0.33333,0.33333,1.00001,0.0,0.33333,0.33333,0.33334,0.0,0.88,34.0,OK,Neovius Generator_0.24,0.142566,0.045348,0.02666,0.157494,0.088999,0.088372,0.309233,0.548458,0.23948,TPMS|Neovius Generator|11,quadratic
TPMS,Neovius Generator_0.26.stl,Neovius Generator,,,,,,10.015,207744,1,1,-20,0.25879,29.8752,7.7314,0.805,-26.55958,16.43269,-1.81081,7.83701,358.4438,36.8856,0.6658,0.171,4000,0.06658,,0.33333,0.33333,0.33333,1.0,0.0,0.33333,0.33333,0.33333,0.0,0.868,33.6,OK,Neovius Generator_0.26,0.156711,0.049987,0.030676,0.147079,0.100112,0.099729,0.304999,0.574866,0.25879,TPMS|Neovius Generator|12,quadratic
TPMS,Neovius Generator_0.28.stl,Neovius Generator,,,,,,10.014,207152,1,1,-20,0.27919,27.6896,7.7307,0.793,-26.13581,13.81422,-2.03106,7.52849,400.1578,37.0207,0.7093,0.1807,4000,0.07093,,0.33335,0.33333,0.33332,1.00008,3e-05,0.33332,0.33333,0.33335,1e-05,0.856,33.0,OK,Neovius Generator_0.28,0.172182,0.055186,0.035266,0.136066,0.112513,0.112434,0.300908,0.602853,0.27919,TPMS|Neovius Generator|13,quadratic
TPMS,Neovius Generator_0.30.stl,Neovius Generator,,,,,,10.015,205776,1,1,-20,0.29904,25.7592,7.703,0.778,-25.11423,10.73626,-2.28223,7.15657,452.876,42.2203,0.7644,0.1967,4000,0.07644,,0.33333,0.33333,0.33333,1.00001,0.0,0.33333,0.33333,0.33333,0.0,0.841,32.9,OK,Neovius Generator_0.30,0.187174,0.060328,0.039955,0.125438,0.124843,0.12511,0.297224,0.629978,0.29904,TPMS|Neovius Generator|14,quadratic
TPMS,OCTO Generator_0.14.stl,OCTO Generator,,,,,,10.045,215556,1,1,4,0.1376,56.0429,7.7114,0.896,-10.22221,8.66976,-1.31918,4.62772,226.1297,28.3885,0.3194,0.117,4000,0.03194,,0.3334,0.33334,0.33326,1.00044,0.00015,0.33326,0.33334,0.3334,6e-05,0.958,32.3,OK,OCTO Generator_0.14,0.055507,0.016396,0.015071,0.079121,0.042192,0.043494,0.261087,0.770652,0.1376,TPMS|OCTO Generator|6,quadratic
TPMS,OCTO Generator_0.16.stl,OCTO Generator,,,,,,10.04,215520,1,1,4,0.15805,48.8954,7.7281,0.885,-10.47544,9.67213,-1.39712,4.60787,203.7726,30.3378,0.3664,0.1271,4000,0.03664,,0.3334,0.33332,0.33328,1.00035,0.00012,0.33329,0.33332,0.33339,4e-05,0.95,32.5,OK,OCTO Generator_0.16,0.080998,0.024838,0.022245,0.069877,0.061726,0.063493,0.263816,0.79219,0.15805,TPMS|OCTO Generator|7,quadratic
TPMS,OCTO Generator_0.18.stl,OCTO Generator,,,,,,10.042,216224,1,1,4,0.17769,43.4979,7.7292,0.874,-10.63972,11.00973,-1.48764,4.60048,196.6738,28.9364,0.4159,0.1398,4000,0.04159,,0.33341,0.3333,0.33329,1.00036,0.00012,0.3333,0.3333,0.33341,5e-05,0.941,31.5,OK,OCTO Generator_0.18,0.094444,0.029372,0.026003,0.066829,0.071972,0.073959,0.265084,0.799205,0.17769,TPMS|OCTO Generator|8,quadratic
TPMS,OCTO Generator_0.20.stl,OCTO Generator,,,,,,10.029,216400,1,1,4,0.19786,39.2494,7.7658,0.866,-10.71553,11.70536,-1.54513,4.50573,190.4693,28.4946,0.4668,0.1503,4000,0.04668,,0.33334,0.33333,0.33333,1.00003,1e-05,0.33333,0.33333,0.33334,0.0,0.933,31.2,OK,OCTO Generator_0.20,0.108452,0.034169,0.029939,0.063944,0.082653,0.084857,0.266231,0.806087,0.19786,TPMS|OCTO Generator|9,quadratic
TPMS,OCTO Generator_0.22.stl,OCTO Generator,,,,,,10.04,215336,1,1,4,0.21726,35.7044,7.7571,0.857,-10.88294,12.86801,-1.64188,4.52627,192.5704,27.8684,0.5182,0.1591,4000,0.05182,,0.33341,0.33333,0.33327,1.00043,0.00014,0.33327,0.33333,0.3334,6e-05,0.924,31.3,OK,OCTO Generator_0.22,0.123364,0.039284,0.034141,0.06147,0.094036,0.096474,0.267146,0.812117,0.21726,TPMS|OCTO Generator|10,quadratic
TPMS,OCTO Generator_0.24.stl,OCTO Generator,,,,,,10.036,215176,1,1,4,0.23721,32.7779,7.7751,0.848,-10.99232,13.52683,-1.72838,4.47604,196.2186,28.9394,0.5658,0.1681,4000,0.05658,,0.33336,0.33333,0.33331,1.00016,5e-05,0.33335,0.33334,0.33331,2e-05,0.915,32.0,OK,OCTO Generator_0.24,0.138751,0.044555,0.038507,0.059318,0.105829,0.108519,0.267772,0.817602,0.23721,TPMS|OCTO Generator|11,quadratic
TPMS,OCTO Generator_0.26.stl,OCTO Generator,,,,,,10.052,215096,1,1,4,0.25605,30.2217,7.7383,0.841,-11.24509,13.67014,-1.81444,4.38808,197.476,28.4079,0.6198,0.1741,4000,0.06198,,0.3334,0.33332,0.33328,1.00038,0.00013,0.33328,0.3334,0.33332,5e-05,0.908,32.1,OK,OCTO Generator_0.26,0.155217,0.050185,0.043184,0.057517,0.118456,0.121421,0.268255,0.822312,0.25605,TPMS|OCTO Generator|12,quadratic
TPMS,OCTO Generator_0.28.stl,OCTO Generator,,,,,,10.057,214960,1,1,4,0.27484,28.1705,7.7424,0.83,-11.3237,14.05853,-1.90528,4.36665,209.2686,28.3315,0.6673,0.1807,4000,0.06673,,0.3334,0.33331,0.33329,1.00032,0.00011,0.33332,0.33339,0.33329,4e-05,0.898,31.7,OK,OCTO Generator_0.28,0.171332,0.055711,0.047803,0.055819,0.130876,0.134116,0.268592,0.826886,0.27484,TPMS|OCTO Generator|13,quadratic
TPMS,OCTO Generator_0.30.stl,OCTO Generator,,,,,,10.098,214336,1,1,4,0.29125,26.3205,7.6659,0.822,-11.38609,14.08968,-2.01668,4.22496,221.346,29.0467,0.723,0.1913,4000,0.0723,,0.33337,0.33333,0.3333,1.00021,7e-05,0.33337,0.33333,0.3333,3e-05,0.887,30.5,OK,OCTO Generator_0.30,0.188847,0.061678,0.052817,0.054369,0.144359,0.14791,0.268792,0.830661,0.29125,TPMS|OCTO Generator|14,quadratic
TPMS,P Generator_0.10.stl,P Generator,,,,,,10.015,159888,1,1,-8,0.0994,51.4033,5.1096,0.883,-9.81382,11.25658,-0.25366,6.022,39.9337,11.4732,0.4168,0.0558,4000,0.04168,,0.33333,0.33333,0.33333,1.0,0.0,0.33333,0.33333,0.33333,0.0,0.948,20.6,OK,P Generator_0.10,0.038775,0.027292,0.018644,0.206182,0.031074,0.030291,0.333581,3.247416,0.0994,TPMS|P Generator|4,quadratic
TPMS,P Generator_0.12.stl,P Generator,,,,,,10.014,161280,1,1,-8,0.11941,43.4968,5.1941,0.875,-9.98447,10.89168,-0.2956,5.91533,43.3253,11.838,0.4985,0.0673,4000,0.04985,,0.33334,0.33333,0.33333,1.00004,1e-05,0.33333,0.33333,0.33334,1e-05,0.937,21.4,OK,P Generator_0.12,0.047438,0.032783,0.022692,0.203266,0.03842,0.037553,0.330017,3.096835,0.11941,TPMS|P Generator|5,quadratic
TPMS,P Generator_0.14.stl,P Generator,,,,,,10.014,162480,1,1,-8,0.13884,37.967,5.2715,0.866,-10.03802,11.64276,-0.35139,5.82845,45.3838,11.4924,0.5794,0.0777,4000,0.05794,,0.33333,0.33333,0.33333,1.0,0.0,0.33333,0.33333,0.33333,0.0,0.925,21.4,OK,P Generator_0.14,0.056227,0.038125,0.026759,0.200207,0.046009,0.045095,0.32635,2.95639,0.13884,TPMS|P Generator|6,quadratic
TPMS,P Generator_0.16.stl,P Generator,,,,,,10.013,164784,1,1,-8,0.15937,33.5673,5.3497,0.851,-9.80377,11.56961,-0.41027,6.0911,43.3966,11.5762,0.6611,0.0871,4000,0.06611,,0.33333,0.33333,0.33333,1.0,0.0,0.33333,0.33333,0.33333,0.0,0.916,21.5,OK,P Generator_0.16,0.065952,0.043754,0.031193,0.196562,0.054543,0.053624,0.322295,2.81044,0.15937,TPMS|P Generator|7,quadratic
TPMS,P Generator_0.18.stl,P Generator,,,,,,10.016,166128,1,1,-8,0.17931,30.2813,5.4298,0.844,-9.94913,11.92723,-0.46874,6.15712,41.6053,11.9307,0.7392,0.0977,4000,0.07392,,0.33333,0.33333,0.33333,1.00001,0.0,0.33333,0.33333,0.33333,0.0,0.905,21.3,OK,P Generator_0.18,0.075832,0.049187,0.035626,0.192602,0.063333,0.062457,0.318236,2.674158,0.17931,TPMS|P Generator|8,quadratic
TPMS,P Generator_0.20.stl,P Generator,,,,,,10.017,167040,1,1,-8,0.19865,27.6818,5.4989,0.833,-10.05119,11.43797,-0.52255,6.12461,47.1469,11.7484,0.8091,0.1092,4000,0.08091,,0.33334,0.33333,0.33333,1.00001,0.0,0.33333,0.33333,0.33334,0.0,0.894,22.2,OK,P Generator_0.20,0.085828,0.054419,0.040045,0.188464,0.07232,0.071536,0.314242,2.549971,0.19865,TPMS|P Generator|9,quadratic
TPMS,P Generator_0.22.stl,P Generator,,,,,,10.017,168144,1,1,-8,0.21861,25.4912,5.5727,0.827,-10.21407,12.03088,-0.56516,6.0824,52.1093,12.3319,0.881,0.1234,4000,0.0881,,0.33333,0.33333,0.33333,1.00001,0.0,0.33333,0.33333,0.33333,0.0,0.883,21.5,OK,P Generator_0.22,0.096687,0.059815,0.044738,0.183636,0.082146,0.081511,0.31014,2.426639,0.21861,TPMS|P Generator|10,quadratic
TPMS,P Generator_0.24.stl,P Generator,,,,,,10.016,169616,1,1,-8,0.23864,23.659,5.646,0.814,-10.18276,11.24017,-0.64381,6.13656,51.7118,11.934,0.9569,0.1401,4000,0.09569,,0.33333,0.33333,0.33333,1.00001,0.0,0.33333,0.33333,0.33333,0.0,0.873,21.9,OK,P Generator_0.24,0.108163,0.065271,0.049607,0.178458,0.092563,0.092129,0.306122,2.313052,0.23864,TPMS|P Generator|11,quadratic
TPMS,P Generator_0.26.stl,P Generator,,,,,,10.015,171312,1,1,-8,0.25874,22.0986,5.7178,0.801,-10.06988,11.56356,-0.70062,6.07865,47.7836,12.0889,1.025,0.1636,4000,0.1025,,0.33334,0.33333,0.33333,1.00002,1e-05,0.33333,0.33333,0.33334,0.0,0.864,21.7,OK,P Generator_0.26,0.120264,0.070717,0.054611,0.172901,0.103549,0.103378,0.302158,2.204382,0.25874,TPMS|P Generator|12,quadratic
TPMS,P Generator_0.28.stl,P Generator,,,,,,10.015,171984,1,1,-8,0.27883,20.7791,5.7938,0.795,-10.19225,11.3716,-0.75432,6.03611,56.3295,12.3704,1.0966,0.1835,4000,0.10966,,0.33333,0.33333,0.33333,1.0,0.0,0.33333,0.33333,0.33333,0.0,0.853,22.2,OK,P Generator_0.28,0.133007,0.076216,0.059791,0.167009,0.115125,0.115273,0.298331,2.105651,0.27883,TPMS|P Generator|13,quadratic
TPMS,P Generator_0.30.stl,P Generator,,,,,,10.012,173088,1,1,-8,0.29904,19.6049,5.8626,0.784,-10.23104,11.03669,-0.82918,6.07682,58.737,12.6553,1.1646,0.2051,4000,0.11646,,0.33334,0.33334,0.33333,1.00002,1e-05,0.33334,0.33334,0.33333,0.0,0.84,22.6,OK,P Generator_0.30,0.146568,0.081848,0.065131,0.160629,0.12736,0.127878,0.294731,2.012687,0.29904,TPMS|P Generator|14,quadratic
TPMS,P+C(P) Generator_0.10.stl,P+C(P) Generator,,,,,,10.017,229216,1,1,-32,0.09912,78.9998,7.8305,0.894,-37.71869,51.93119,-0.51845,13.52605,213.7609,27.8799,0.2742,0.0504,4000,0.02742,,0.33335,0.33334,0.33331,1.00013,4e-05,0.33332,0.33333,0.33335,1e-05,0.98,32.5,OK,P+C(P) Generator_0.10,0.019501,0.007054,0.008592,0.102252,0.018496,0.019631,0.224835,1.380623,0.09912,TPMS|P+C(P) Generator|4,quadratic
TPMS,P+C(P) Generator_0.12.stl,P+C(P) Generator,,,,,,10.015,229552,1,1,-32,0.11889,66.3728,7.8911,0.885,-37.78882,51.55863,-0.65924,13.52983,215.5255,27.5354,0.3259,0.0619,4000,0.03259,,0.33335,0.33334,0.33331,1.00013,4e-05,0.33334,0.33335,0.33331,2e-05,0.974,32.9,OK,P+C(P) Generator_0.12,0.025732,0.009246,0.010854,0.086504,0.023909,0.025276,0.229675,1.31681,0.11889,TPMS|P+C(P) Generator|5,quadratic
TPMS,P+C(P) Generator_0.14.stl,P+C(P) Generator,,,,,,10.018,229584,1,1,-32,0.13905,57.1166,7.9419,0.879,-37.86168,52.63798,-0.79146,13.49988,230.5692,27.6816,0.3831,0.0722,4000,0.03831,,0.33337,0.33335,0.33329,1.00024,8e-05,0.33334,0.3333,0.33336,3e-05,0.966,33.6,OK,P+C(P) Generator_0.14,0.032826,0.011654,0.013335,0.072255,0.029981,0.03161,0.23298,1.259714,0.13905,TPMS|P+C(P) Generator|6,quadratic
TPMS,P+C(P) Generator_0.16.stl,P+C(P) Generator,,,,,,10.015,231440,1,1,-32,0.15899,50.315,7.9997,0.869,-38.3561,51.67723,-0.92077,13.58968,239.6627,29.1111,0.4359,0.0815,4000,0.04359,,0.33337,0.33335,0.33327,1.0003,0.0001,0.33337,0.33336,0.33328,4e-05,0.959,34.1,OK,P+C(P) Generator_0.16,0.040557,0.014211,0.015938,0.059454,0.036492,0.038397,0.235512,1.209881,0.15899,TPMS|P+C(P) Generator|7,quadratic
TPMS,P+C(P) Generator_0.18.stl,P+C(P) Generator,,,,,,10.015,231952,1,1,-32,0.17899,44.982,8.0513,0.859,-38.52695,52.2273,-1.06395,13.37025,250.3433,29.9313,0.4867,0.0928,4000,0.04867,,0.33335,0.33335,0.3333,1.00015,5e-05,0.33335,0.33335,0.3333,2e-05,0.951,34.9,OK,P+C(P) Generator_0.18,0.049044,0.016939,0.01871,0.047784,0.043551,0.045754,0.237407,1.165581,0.17899,TPMS|P+C(P) Generator|8,quadratic
TPMS,P+C(P) Generator_0.20.stl,P+C(P) Generator,,,,,,10.016,232560,1,1,-32,0.19845,40.7638,8.0895,0.851,-38.37466,50.28833,-1.18478,13.38175,270.3672,30.6307,0.5429,0.1042,4000,0.05429,,0.33334,0.33334,0.33333,1.00002,1e-05,0.33334,0.33334,0.33333,0.0,0.94,34.9,OK,P+C(P) Generator_0.20,0.058022,0.019754,0.021572,0.037457,0.050941,0.053456,0.238834,1.127404,0.19845,TPMS|P+C(P) Generator|9,quadratic
TPMS,P+C(P) Generator_0.22.stl,P+C(P) Generator,,,,,,10.016,230784,1,1,-32,0.21846,37.2016,8.127,0.848,-38.83996,50.783,-1.31684,13.42857,296.8322,32.2573,0.5932,0.1148,4000,0.05932,,0.33335,0.33334,0.33331,1.00014,5e-05,0.33331,0.33335,0.33335,2e-05,0.936,33.6,OK,P+C(P) Generator_0.22,0.068057,0.022857,0.024711,0.027874,0.059135,0.061991,0.240105,1.093391,0.21846,TPMS|P+C(P) Generator|10,quadratic
TPMS,P+C(P) Generator_0.24.stl,P+C(P) Generator,,,,,,10.017,233152,1,1,-32,0.23876,34.1948,8.1643,0.838,-38.89234,50.58537,-1.48864,13.3684,330.4043,33.8797,0.639,0.1252,4000,0.0639,,0.33339,0.33333,0.33329,1.0003,0.0001,0.33339,0.33332,0.3333,4e-05,0.926,33.5,OK,P+C(P) Generator_0.24,0.078868,0.026186,0.028044,0.019465,0.067901,0.071113,0.241293,1.06465,0.23876,TPMS|P+C(P) Generator|11,quadratic
TPMS,P+C(P) Generator_0.26.stl,P+C(P) Generator,,,,,,10.016,233520,1,1,-32,0.25864,31.6539,8.187,0.821,-39.1445,49.57061,-1.6729,13.40607,364.2228,35.2267,0.6965,0.1361,4000,0.06965,,0.33333,0.33333,0.33333,1.00001,0.0,0.33333,0.33333,0.33333,0.0,0.916,33.4,OK,P+C(P) Generator_0.26,0.089397,0.029305,0.031271,0.012522,0.076427,0.08001,0.241788,1.040788,0.25864,TPMS|P+C(P) Generator|12,quadratic
TPMS,P+C(P) Generator_0.28.stl,P+C(P) Generator,,,,,,10.036,231664,1,1,-32,0.27681,29.4711,8.158,0.82,-39.18632,47.62346,-1.80552,13.41471,378.15,36.3255,0.7462,0.1454,4000,0.07462,,0.33334,0.33333,0.33333,1.00001,0.0,0.33333,0.33333,0.33333,0.0,0.91,35.9,OK,P+C(P) Generator_0.28,0.101397,0.033013,0.034853,0.00599,0.085988,0.089919,0.243169,1.019313,0.27681,TPMS|P+C(P) Generator|13,quadratic
TPMS,P+C(P) Generator_0.30.stl,P+C(P) Generator,,,,,,10.092,230320,1,1,-32,0.29122,27.6123,8.0413,0.815,-39.11585,46.84729,-1.93792,13.217,417.3539,37.1896,0.798,0.1573,4000,0.0798,,0.33343,0.33332,0.33326,1.00051,0.00017,0.33328,0.3334,0.33333,5e-05,0.899,34.2,OK,P+C(P) Generator_0.30,0.113863,0.036883,0.038568,0.000528,0.095917,0.100203,0.244393,1.002045,0.29122,TPMS|P+C(P) Generator|14,quadratic
TPMS,Q star Generator_0.10.stl,Q star Generator,,,,,,10.012,219652,1,1,-6,0.09954,72.202,7.1867,0.888,-11.27017,9.1157,-0.65444,6.63184,86.0073,20.9429,0.2078,0.1593,4000,0.02078,,0.4338,0.38883,0.17737,2.44567,0.25642,0.30562,0.30556,0.38883,0.03924,0.966,36.4,OK,Q star Generator_0.10,0.042668,0.01911,0.013122,0.305792,0.027299,0.027141,0.307554,1.114033,0.09954,TPMS|Q star Generator|4,quadratic
TPMS,Q star Generator_0.12.stl,Q star Generator,,,,,,10.012,219616,1,1,-6,0.11978,60.1742,7.2079,0.881,-11.36693,9.18712,-0.69908,6.61273,87.2741,20.8444,0.2548,0.1766,4000,0.02548,,0.43272,0.39053,0.17675,2.44819,0.25597,0.30475,0.30473,0.39053,0.04044,0.959,36.5,OK,Q star Generator_0.12,0.053383,0.023474,0.016538,0.287345,0.034744,0.034654,0.303379,1.105883,0.11978,TPMS|Q star Generator|5,quadratic
TPMS,Q star Generator_0.14.stl,Q star Generator,,,,,,10.014,219366,1,1,-6,0.13947,51.8446,7.2306,0.874,-11.45687,9.26783,-0.74285,6.65927,86.7178,20.6873,0.3016,0.1952,4000,0.03016,,0.43169,0.39207,0.17624,2.44944,0.25545,0.30399,0.30394,0.39207,0.04154,0.951,36.4,OK,Q star Generator_0.14,0.064287,0.027822,0.020039,0.272467,0.042423,0.042425,0.299931,1.099077,0.13947,TPMS|Q star Generator|6,quadratic
TPMS,Q star Generator_0.16.stl,Q star Generator,,,,,,10.013,219112,1,1,-6,0.15877,45.7129,7.2577,0.867,-11.54227,9.37169,-0.78785,6.68173,86.9986,20.9059,0.3482,0.2112,4000,0.03482,,0.43071,0.39348,0.17581,2.44985,0.2549,0.30331,0.30321,0.39348,0.04253,0.944,36.7,OK,Q star Generator_0.16,0.075292,0.032136,0.023611,0.260104,0.050266,0.050383,0.29699,1.094221,0.15877,TPMS|Q star Generator|7,quadratic
TPMS,Q star Generator_0.18.stl,Q star Generator,,,,,,10.012,219020,1,1,-6,0.17918,40.6587,7.2853,0.86,-11.64642,9.52965,-0.83844,6.6905,88.8782,20.9837,0.3991,0.2281,4000,0.03991,,0.4298,0.39484,0.17536,2.45087,0.25443,0.30258,0.30258,0.39484,0.04349,0.936,37.3,OK,Q star Generator_0.18,0.087458,0.03683,0.027586,0.248561,0.059035,0.059299,0.294221,1.089741,0.17918,TPMS|Q star Generator|8,quadratic
TPMS,Q star Generator_0.20.stl,Q star Generator,,,,,,10.013,218920,1,1,-6,0.19922,36.7115,7.3137,0.852,-11.73576,9.62659,-0.88596,6.73173,88.1927,20.8731,0.4498,0.2386,4000,0.04498,,0.42898,0.39606,0.17496,2.45195,0.25403,0.30194,0.302,0.39606,0.04435,0.929,36.6,OK,Q star Generator_0.20,0.099831,0.04154,0.031657,0.238357,0.068056,0.068488,0.291799,1.086194,0.19922,TPMS|Q star Generator|9,quadratic
TPMS,Q star Generator_0.22.stl,Q star Generator,,,,,,10.011,218864,1,1,-6,0.21952,33.4341,7.3396,0.844,-11.83823,9.89582,-0.93847,6.76993,89.0741,21.1519,0.5026,0.253,4000,0.05026,,0.4282,0.39719,0.1746,2.45244,0.2536,0.30145,0.30135,0.39719,0.04516,0.921,34.9,OK,Q star Generator_0.22,0.112885,0.046455,0.035997,0.228838,0.077676,0.078306,0.289543,1.083766,0.21952,TPMS|Q star Generator|10,quadratic
TPMS,Q star Generator_0.24.stl,Q star Generator,,,,,,10.011,218816,1,1,-6,0.23895,30.8409,7.3694,0.837,-11.93536,10.09626,-0.98867,6.82002,91.2314,21.3947,0.5473,0.2662,4000,0.05473,,0.42758,0.39815,0.17427,2.45351,0.25331,0.30092,0.30093,0.39815,0.04583,0.913,34.8,OK,Q star Generator_0.24,0.125652,0.051203,0.040268,0.220519,0.087186,0.088027,0.287568,1.081764,0.23895,TPMS|Q star Generator|11,quadratic
TPMS,Q star Generator_0.26.stl,Q star Generator,,,,,,10.015,218508,1,1,-6,0.25866,28.5897,7.3949,0.83,-12.04997,10.28658,-1.04208,6.81561,92.2703,21.3302,0.6027,0.2799,4000,0.06027,,0.42693,0.3991,0.17397,2.45407,0.25296,0.30048,0.30041,0.3991,0.04651,0.906,34.4,OK,Q star Generator_0.26,0.139208,0.056221,0.044839,0.212368,0.09741,0.098495,0.285678,1.080622,0.25866,TPMS|Q star Generator|12,quadratic
TPMS,Q star Generator_0.28.stl,Q star Generator,,,,,,10.012,218324,1,1,-6,0.27907,26.6136,7.427,0.821,-12.15261,10.35768,-1.09858,6.87236,93.4059,21.6959,0.6544,0.2992,4000,0.06544,,0.42634,0.39997,0.1737,2.45451,0.25264,0.30004,0.29999,0.39997,0.04712,0.897,34.5,OK,Q star Generator_0.28,0.153118,0.061292,0.049572,0.205096,0.107973,0.109339,0.283756,1.079691,0.27907,TPMS|Q star Generator|13,quadratic
TPMS,Q star Generator_0.30.stl,Q star Generator,,,,,,10.011,218128,1,1,-6,0.29833,24.9855,7.4539,0.813,-12.26799,10.73895,-1.15273,6.90876,93.5116,21.8394,0.7048,0.3097,4000,0.07048,,0.42583,0.40071,0.17346,2.455,0.25238,0.29964,0.29965,0.40071,0.04764,0.889,33.6,OK,Q star Generator_0.30,0.167223,0.066425,0.054368,0.197882,0.118782,0.120435,0.282157,1.078748,0.29833,TPMS|Q star Generator|14,quadratic
TPMS,Slotted-P Generator_0.10.stl,Slotted-P Generator,,,,,,10.012,262664,1,1,-40,0.09905,92.4648,9.1584,0.902,-27.34827,26.53438,-0.3748,10.761,181.5457,23.4485,0.2231,0.0336,4000,0.02231,,0.33334,0.33334,0.33333,1.00004,1e-05,0.33334,0.33333,0.33334,1e-05,0.948,39.4,OK,Slotted-P Generator_0.10,0.03975,0.018716,0.011112,0.01276,0.028586,0.028264,0.314826,1.056602,0.09905,TPMS|Slotted-P Generator|4,quadratic
TPMS,Slotted-P Generator_0.12.stl,Slotted-P Generator,,,,,,10.011,263292,1,1,-40,0.11927,77.4002,9.2317,0.897,-27.49338,26.32713,-0.44868,10.7944,182.6253,23.6507,0.2677,0.0393,4000,0.02677,,0.33335,0.33333,0.33332,1.00007,2e-05,0.33334,0.33334,0.33333,0.0,0.941,38.9,OK,Slotted-P Generator_0.12,0.049741,0.023373,0.013759,0.009904,0.035589,0.035167,0.315575,1.04362,0.11927,TPMS|Slotted-P Generator|5,quadratic
TPMS,Slotted-P Generator_0.14.stl,Slotted-P Generator,,,,,,10.011,263848,1,1,-40,0.13955,66.6432,9.3001,0.891,-27.34982,26.10215,-0.532,10.83881,183.8806,23.94,0.3125,0.0456,4000,0.03125,,0.33335,0.33333,0.33332,1.00009,3e-05,0.33335,0.33333,0.33332,1e-05,0.932,39.1,OK,Slotted-P Generator_0.14,0.060086,0.028012,0.016503,0.006658,0.042914,0.042419,0.315199,1.029052,0.13955,TPMS|Slotted-P Generator|6,quadratic
TPMS,Slotted-P Generator_0.16.stl,Slotted-P Generator,,,,,,10.011,264724,1,1,-40,0.15906,58.8694,9.3637,0.885,-27.39392,26.53154,-0.61202,10.90033,193.7547,23.5654,0.3545,0.0515,4000,0.03545,,0.33334,0.33334,0.33333,1.00004,1e-05,0.33333,0.33334,0.33334,1e-05,0.927,38.8,OK,Slotted-P Generator_0.16,0.070472,0.032486,0.019294,0.003652,0.050389,0.049852,0.313991,1.015826,0.15906,TPMS|Slotted-P Generator|7,quadratic
TPMS,Slotted-P Generator_0.18.stl,Slotted-P Generator,,,,,,10.01,266984,1,1,-40,0.17945,52.5536,9.4307,0.879,-27.46609,26.70603,-0.69241,10.84907,190.1386,24.0587,0.3992,0.0578,4000,0.03992,,0.33334,0.33334,0.33333,1.00004,1e-05,0.33333,0.33334,0.33334,1e-05,0.92,40.0,OK,Slotted-P Generator_0.18,0.081656,0.037095,0.022342,0.000687,0.058563,0.058023,0.312105,1.002763,0.17945,TPMS|Slotted-P Generator|8,quadratic
TPMS,Slotted-P Generator_0.20.stl,Slotted-P Generator,,,,,,10.008,268424,1,1,-40,0.19949,47.5847,9.4926,0.869,-27.56102,26.69036,-0.7727,10.95166,184.6222,24.2577,0.4428,0.062,4000,0.04428,,0.33334,0.33333,0.33333,1.00003,1e-05,0.33334,0.33333,0.33333,0.0,0.917,40.1,OK,Slotted-P Generator_0.20,0.09307,0.041596,0.025488,0.00229,0.06703,0.066525,0.309856,0.990346,0.19949,TPMS|Slotted-P Generator|9,quadratic
TPMS,Slotted-P Generator_0.22.stl,Slotted-P Generator,,,,,,10.012,268168,1,1,-40,0.21937,43.4992,9.5424,0.865,-27.59636,26.56957,-0.85098,10.90017,189.9532,24.3992,0.4893,0.0706,4000,0.04893,,0.33334,0.33333,0.33332,1.00007,2e-05,0.33334,0.33332,0.33333,1e-05,0.909,40.9,OK,Slotted-P Generator_0.22,0.104907,0.046088,0.028822,0.004914,0.075966,0.075543,0.307277,0.980017,0.21937,TPMS|Slotted-P Generator|10,quadratic
TPMS,Slotted-P Generator_0.24.stl,Slotted-P Generator,,,,,,10.011,268896,1,1,-40,0.23909,40.1363,9.596,0.859,-27.6857,27.12316,-0.93702,11.0433,192.8131,24.1367,0.531,0.0755,4000,0.0531,,0.33335,0.33333,0.33332,1.00009,3e-05,0.33333,0.33334,0.33333,0.0,0.901,40.5,OK,Slotted-P Generator_0.24,0.116971,0.050499,0.032272,0.007193,0.085196,0.084899,0.304558,0.971007,0.23909,TPMS|Slotted-P Generator|11,quadratic
TPMS,Slotted-P Generator_0.26.stl,Slotted-P Generator,,,,,,10.011,271092,1,1,-40,0.25955,37.1687,9.6471,0.852,-27.99321,26.8178,-1.03135,11.02715,199.3321,25.2282,0.5778,0.081,4000,0.05778,,0.33334,0.33333,0.33333,1.00004,1e-05,0.33334,0.33333,0.33333,1e-05,0.897,41.2,OK,Slotted-P Generator_0.26,0.129559,0.054881,0.035919,0.009721,0.094965,0.094849,0.301589,0.961976,0.25955,TPMS|Slotted-P Generator|12,quadratic
TPMS,Slotted-P Generator_0.28.stl,Slotted-P Generator,,,,,,10.012,270072,1,1,-40,0.27929,34.7058,9.693,0.848,-27.9732,26.77484,-1.12211,11.09101,200.8525,25.4094,0.621,0.0864,4000,0.0621,,0.33334,0.33334,0.33332,1.00007,2e-05,0.33334,0.33334,0.33332,1e-05,0.89,40.0,OK,Slotted-P Generator_0.28,0.142485,0.059293,0.039781,0.011361,0.105187,0.105303,0.29857,0.956367,0.27929,TPMS|Slotted-P Generator|13,quadratic
TPMS,Slotted-P Generator_0.30.stl,Slotted-P Generator,,,,,,10.011,272288,1,1,-40,0.29919,32.5498,9.7386,0.838,-28.20776,27.48391,-1.21559,11.05673,204.98,25.6361,0.665,0.0956,4000,0.0665,,0.33334,0.33333,0.33333,1.00003,1e-05,0.33334,0.33333,0.33334,0.0,0.885,38.8,OK,Slotted-P Generator_0.30,0.155953,0.063826,0.043803,0.013046,0.115822,0.116198,0.295796,0.950934,0.29919,TPMS|Slotted-P Generator|14,quadratic
TPMS,Split-P Generator_0.12.stl,Split-P Generator,,,,,,10.014,315360,1,1,-64,0.11998,89.7091,10.7637,0.847,-40.2072,42.63926,-0.57827,13.42039,198.4076,32.6682,0.2255,0.0628,4000,0.02255,,0.33336,0.33335,0.33328,1.00025,8e-05,0.33336,0.33328,0.33336,4e-05,0.95,44.2,OK,Split-P Generator_0.12,0.054827,0.025173,0.014868,0.00065,0.039042,0.038614,0.314398,1.002735,0.11998,TPMS|Split-P Generator|5,quadratic
TPMS,Split-P Generator_0.14.stl,Split-P Generator,,,,,,10.016,315928,1,1,-64,0.13969,77.7082,10.8553,0.842,-40.32533,41.97545,-0.67929,13.44307,209.602,33.0892,0.2625,0.0736,4000,0.02625,,0.33336,0.33334,0.3333,1.00017,6e-05,0.3333,0.33336,0.33334,2e-05,0.944,43.7,OK,Split-P Generator_0.14,0.06517,0.029201,0.017935,0.000697,0.047035,0.046687,0.3097,0.997246,0.13969,TPMS|Split-P Generator|6,quadratic
TPMS,Split-P Generator_0.16.stl,Split-P Generator,,,,,,10.017,318128,1,1,-64,0.15861,68.9509,10.9365,0.838,-40.43987,42.10195,-0.7744,13.4317,211.4711,33.3541,0.2973,0.0811,4000,0.02973,,0.33337,0.33332,0.3333,1.00021,7e-05,0.33332,0.33331,0.33337,3e-05,0.938,45.3,OK,Split-P Generator_0.16,0.075473,0.03309,0.021048,0.001684,0.055106,0.054874,0.305493,0.993223,0.15861,TPMS|Split-P Generator|7,quadratic
TPMS,Split-P Generator_0.18.stl,Split-P Generator,,,,,,10.017,319796,1,1,-64,0.17902,61.5958,11.027,0.832,-40.63206,41.54172,-0.88219,13.40607,215.4831,33.1586,0.3331,0.0961,4000,0.03331,,0.33334,0.33334,0.33332,1.00007,2e-05,0.33332,0.33334,0.33333,1e-05,0.93,44.9,OK,Split-P Generator_0.18,0.086444,0.037026,0.024433,0.002856,0.063869,0.063817,0.301057,0.98884,0.17902,TPMS|Split-P Generator|8,quadratic
TPMS,Split-P Generator_0.20.stl,Split-P Generator,,,,,,10.015,321062,1,1,-64,0.19894,55.8776,11.1164,0.826,-40.8663,41.88717,-0.99176,13.25981,230.0578,33.6361,0.3731,0.1048,4000,0.03731,,0.33336,0.33333,0.33331,1.00016,5e-05,0.33334,0.33335,0.33331,2e-05,0.924,47.2,OK,Split-P Generator_0.20,0.098123,0.041294,0.028066,0.003146,0.07319,0.073331,0.297489,0.987748,0.19894,TPMS|Split-P Generator|9,quadratic
TPMS,Split-P Generator_0.22.stl,Split-P Generator,,,,,,10.085,323602,1,1,-76,0.21481,51.3114,11.0224,0.833,-40.90641,42.01963,-1.07998,13.34425,237.6961,34.5991,0.4066,0.1168,4000,0.04066,,0.33335,0.33333,0.33332,1.00008,3e-05,0.33334,0.33334,0.33333,1e-05,0.916,45.1,OK,Split-P Generator_0.22,0.110297,0.045576,0.031896,0.00375,0.083022,0.083411,0.293938,0.985634,0.21481,TPMS|Split-P Generator|10,quadratic
TPMS,Split-P Generator_0.24.stl,Split-P Generator,,,,,,10.016,324760,1,1,-76,0.23899,47.2705,11.2971,0.812,-41.30511,41.70393,-1.20946,13.41206,243.015,33.6802,0.4443,0.126,4000,0.04443,,0.33335,0.33333,0.33332,1.00008,3e-05,0.33333,0.33334,0.33334,1e-05,0.908,43.9,OK,Split-P Generator_0.24,0.122541,0.049761,0.035823,0.004074,0.093038,0.093722,0.290508,0.984407,0.23899,TPMS|Split-P Generator|11,quadratic
TPMS,Split-P Generator_0.26.stl,Split-P Generator,,,,,,10.015,324944,1,1,-76,0.2586,43.9366,11.3622,0.807,-41.52978,41.03242,-1.32032,13.36216,275.2977,34.0257,0.4807,0.1402,4000,0.04807,,0.33335,0.33334,0.33331,1.00011,4e-05,0.33335,0.33333,0.33332,1e-05,0.901,46.5,OK,Split-P Generator_0.26,0.135071,0.054015,0.039878,0.004305,0.103342,0.10435,0.287442,0.983966,0.2586,TPMS|Split-P Generator|12,quadratic
TPMS,Split-P Generator_0.28.stl,Split-P Generator,,,,,,10.015,324960,1,1,-76,0.27843,40.9693,11.4069,0.803,-41.83196,41.11039,-1.43291,13.35337,280.8864,34.9892,0.5138,0.1527,4000,0.05138,,0.33336,0.33334,0.3333,1.00017,6e-05,0.33336,0.33334,0.3333,2e-05,0.896,45.0,OK,Split-P Generator_0.28,0.163126,0.063324,0.048934,0.005323,0.126437,0.128229,0.281834,0.980632,0.27843,TPMS|Split-P Generator|13,quadratic
TPMS,Split-P Generator_0.30.stl,Split-P Generator,,,,,,10.017,326200,1,1,-76,0.29822,38.4035,11.4527,0.798,-42.18515,41.33231,-1.55574,13.40006,280.6986,35.3237,0.5513,0.1639,4000,0.05513,,0.33335,0.33333,0.33332,1.00007,2e-05,0.33333,0.33333,0.33333,0.0,0.89,45.0,OK,Split-P Generator_0.30,0.165887,0.062961,0.050403,0.005713,0.129838,0.132128,0.277471,0.979397,0.29822,TPMS|Split-P Generator|14,quadratic
